Workbook

Sheet Сегодня
A1: Сегодня | B1: Зулькайнаров Умарбек
A2: Оценки | B2: ='Неделя'!G2 -> 17 мар. вт
A3: =data!A70 -> Русский язык | B3: ='Неделя'!G3
A4: =data!A71 -> Литература | B4: ='Неделя'!G4
A5: =data!A72 -> Узбекский язык | B5: ='Неделя'!G5
A6: =data!A73 -> Английский язык | B6: ='Неделя'!G6
A7: =data!A74 -> История | B7: ='Неделя'!G7
A8: =data!A75 -> Воспитание | B8: ='Неделя'!G8
A9: =data!A76 -> Физкультура | B9: ='Неделя'!G9
A10: =data!A77 -> Математика | B10: ='Неделя'!G10 -> 4
A11: =data!A78 -> Ботаника | B11: ='Неделя'!G11
A12: =data!A79 -> География | B12: ='Неделя'!G12
A13: =data!A80 -> ИЗО | B13: ='Неделя'!G13
A14: =data!A81 -> Технология | B14: ='Неделя'!G14
... A21: =data!A88 | B21: ='Неделя'!G21

Sheet Неделя
A1: Оценки за неделю | B1: Столбец 2 | C1: Столбец 3 | D1: Столбец 4 | E1: Столбец 5 | F1: Столбец 6 | G1: Столбец 7
A2: Дата | B2: =CONCATENATE(TEXT(TODAY()-5,"d mmm")," ",TEXT(WEEKDAY(TODAY()-5),"Ddd")) -> 12 мар. чт | C2: =CONCATENATE(TEXT(TODAY()-4,"d mmm")," ",TEXT(WEEKDAY(TODAY()-4),"DDD")) -> 13 мар. пт | D2: =CONCATENATE(TEXT(TODAY()-3,"d mmm")," ",TEXT(WEEKDAY(TODAY()-3),"DDD")) -> 14 мар. сб | E2: =CONCATENATE(TEXT(TODAY()-2,"d mmm")," ",TEXT(WEEKDAY(TODAY()-2),"DDD")) -> 15 мар. вс | F2: =CONCATENATE(TEXT(TODAY()-1,"d mmm")," ",TEXT(WEEKDAY(TODAY()-1),"DDD")) -> 16 мар. пн | G2: =CONCATENATE(TEXT(TODAY(),"d mmm")," ",TEXT(WEEKDAY(TODAY()),"DDD")) -> 17 мар. вт
A3: =data!A70 -> Русский язык | B3: =IFERROR(__xludf.DUMMYFUNCTION("FILTER(data!$B$70:$JE$89,data!$B$69:$JE$69=B32)"),"") | C3: =IFERROR(__xludf.DUMMYFUNCTION("FILTER(data!$B$70:$JE$89,data!$B$69:$JE$69=C32)")," ") | D3: =IFERROR(__xludf.DUMMYFUNCTION("FILTER(data!$B$70:$JE$89,data!$B$69:$JE$69=D32)")," ") | E3: =IFERROR(__xludf.DUMMYFUNCTION("FILTER(data!$B$70:$JE$89,data!$B$69:$JE$69=E32)")," ") | F3: =IFERROR(__xludf.DUMMYFUNCTION("FILTER(data!$B$70:$JE$89,data!$B$69:$JE$69=F32)")," ") | G3: =IFERROR(__xludf.DUMMYFUNCTION("FILTER(data!$B$70:$JE$89,data!$B$69:$JE$69=G32)"),"")
A4: =data!A71 -> Литература | B4: =IFERROR(__xludf.DUMMYFUNCTION("""COMPUTED_VALUE"""),"4") -> 4 | C4: =IFERROR(__xludf.DUMMYFUNCTION("""COMPUTED_VALUE""")," ") | D4: =IFERROR(__xludf.DUMMYFUNCTION("""COMPUTED_VALUE""")," ") | E4: =IFERROR(__xludf.DUMMYFUNCTION("""COMPUTED_VALUE""")," ") | F4: =IFERROR(__xludf.DUMMYFUNCTION("""COMPUTED_VALUE""")," ") | G4: =IFERROR(__xludf.DUMMYFUNCTION("""COMPUTED_VALUE""")," ")
A5: =data!A72 -> Узбекский язык | B5: =IFERROR(__xludf.DUMMYFUNCTION("""COMPUTED_VALUE"""),"3") -> 3 | C5: =IFERROR(__xludf.DUMMYFUNCTION("""COMPUTED_VALUE"""),"") | D5: =IFERROR(__xludf.DUMMYFUNCTION("""COMPUTED_VALUE"""),"") | E5: =IFERROR(__xludf.DUMMYFUNCTION("""COMPUTED_VALUE""")," ") | F5: =IFERROR(__xludf.DUMMYFUNCTION("""COMPUTED_VALUE""")," ") | G5: =IFERROR(__xludf.DUMMYFUNCTION("""COMPUTED_VALUE""")," ")
A6: =data!A73 -> Английский язык | B6: =IFERROR(__xludf.DUMMYFUNCTION("""COMPUTED_VALUE"""),"дз") -> дз | C6: =IFERROR(__xludf.DUMMYFUNCTION("""COMPUTED_VALUE"""),"") | D6: =IFERROR(__xludf.DUMMYFUNCTION("""COMPUTED_VALUE""")," ") | E6: =IFERROR(__xludf.DUMMYFUNCTION("""COMPUTED_VALUE""")," ") | F6: =IFERROR(__xludf.DUMMYFUNCTION("""COMPUTED_VALUE""")," ") | G6: =IFERROR(__xludf.DUMMYFUNCTION("""COMPUTED_VALUE""")," ")
A7: =data!A74 -> История | B7: =IFERROR(__xludf.DUMMYFUNCTION("""COMPUTED_VALUE""")," ") | C7: =IFERROR(__xludf.DUMMYFUNCTION("""COMPUTED_VALUE""")," ") | D7: =IFERROR(__xludf.DUMMYFUNCTION("""COMPUTED_VALUE""")," ") | E7: =IFERROR(__xludf.DUMMYFUNCTION("""COMPUTED_VALUE""")," ") | F7: =IFERROR(__xludf.DUMMYFUNCTION("""COMPUTED_VALUE"""),"4") -> 4 | G7: =IFERROR(__xludf.DUMMYFUNCTION("""COMPUTED_VALUE"""),"")
A8: =data!A75 -> Воспитание | B8: =IFERROR(__xludf.DUMMYFUNCTION("""COMPUTED_VALUE""")," ") | C8: =IFERROR(__xludf.DUMMYFUNCTION("""COMPUTED_VALUE""")," ") | D8: =IFERROR(__xludf.DUMMYFUNCTION("""COMPUTED_VALUE""")," ") | E8: =IFERROR(__xludf.DUMMYFUNCTION("""COMPUTED_VALUE""")," ") | F8: =IFERROR(__xludf.DUMMYFUNCTION("""COMPUTED_VALUE"""),"5") -> 5 | G8: =IFERROR(__xludf.DUMMYFUNCTION("""COMPUTED_VALUE""")," ")
A9: =data!A76 -> Физкультура | B9: =IFERROR(__xludf.DUMMYFUNCTION("""COMPUTED_VALUE""")," ") | C9: =IFERROR(__xludf.DUMMYFUNCTION("""COMPUTED_VALUE""")," ") | D9: =IFERROR(__xludf.DUMMYFUNCTION("""COMPUTED_VALUE""")," ") | E9: =IFERROR(__xludf.DUMMYFUNCTION("""COMPUTED_VALUE""")," ") | F9: =IFERROR(__xludf.DUMMYFUNCTION("""COMPUTED_VALUE"""),"") | G9: =IFERROR(__xludf.DUMMYFUNCTION("""COMPUTED_VALUE""")," ")
A10: =data!A77 -> Математика | B10: =IFERROR(__xludf.DUMMYFUNCTION("""COMPUTED_VALUE"""),"") | C10: =IFERROR(__xludf.DUMMYFUNCTION("""COMPUTED_VALUE""")," ") | D10: =IFERROR(__xludf.DUMMYFUNCTION("""COMPUTED_VALUE"""),"5") -> 5 | E10: =IFERROR(__xludf.DUMMYFUNCTION("""COMPUTED_VALUE""")," ") | F10: =IFERROR(__xludf.DUMMYFUNCTION("""COMPUTED_VALUE""")," ") | G10: =IFERROR(__xludf.DUMMYFUNCTION("""COMPUTED_VALUE"""),"4") -> 4
A11: =data!A78 -> Ботаника | B11: =IFERROR(__xludf.DUMMYFUNCTION("""COMPUTED_VALUE"""),"") | C11: =IFERROR(__xludf.DUMMYFUNCTION("""COMPUTED_VALUE""")," ") | D11: =IFERROR(__xludf.DUMMYFUNCTION("""COMPUTED_VALUE""")," ") | E11: =IFERROR(__xludf.DUMMYFUNCTION("""COMPUTED_VALUE""")," ") | F11: =IFERROR(__xludf.DUMMYFUNCTION("""COMPUTED_VALUE""")," ") | G11: =IFERROR(__xludf.DUMMYFUNCTION("""COMPUTED_VALUE""")," ")
A12: =data!A79 -> География | B12: =IFERROR(__xludf.DUMMYFUNCTION("""COMPUTED_VALUE""")," ") | C12: =IFERROR(__xludf.DUMMYFUNCTION("""COMPUTED_VALUE""")," ") | D12: =IFERROR(__xludf.DUMMYFUNCTION("""COMPUTED_VALUE"""),"н") -> н | E12: =IFERROR(__xludf.DUMMYFUNCTION("""COMPUTED_VALUE""")," ") | F12: =IFERROR(__xludf.DUMMYFUNCTION("""COMPUTED_VALUE""")," ") | G12: =IFERROR(__xludf.DUMMYFUNCTION("""COMPUTED_VALUE""")," ")
A13: =data!A80 -> ИЗО | B13: =IFERROR(__xludf.DUMMYFUNCTION("""COMPUTED_VALUE""")," ") | C13: =IFERROR(__xludf.DUMMYFUNCTION("""COMPUTED_VALUE""")," ") | D13: =IFERROR(__xludf.DUMMYFUNCTION("""COMPUTED_VALUE""")," ") | E13: =IFERROR(__xludf.DUMMYFUNCTION("""COMPUTED_VALUE""")," ") | F13: =IFERROR(__xludf.DUMMYFUNCTION("""COMPUTED_VALUE"""),"") | G13: =IFERROR(__xludf.DUMMYFUNCTION("""COMPUTED_VALUE""")," ")
A14: =data!A81 -> Технология | B14: =IFERROR(__xludf.DUMMYFUNCTION("""COMPUTED_VALUE""")," ") | C14: =IFERROR(__xludf.DUMMYFUNCTION("""COMPUTED_VALUE""")," ") | D14: =IFERROR(__xludf.DUMMYFUNCTION("""COMPUTED_VALUE""")," ") | E14: =IFERROR(__xludf.DUMMYFUNCTION("""COMPUTED_VALUE""")," ") | F14: =IFERROR(__xludf.DUMMYFUNCTION("""COMPUTED_VALUE""")," ") | G14: =IFERROR(__xludf.DUMMYFUNCTION("""COMPUTED_VALUE""")," ")
A15: =data!A82 -> Информатика | B15: =IFERROR(__xludf.DUMMYFUNCTION("""COMPUTED_VALUE""")," ") | C15: =IFERROR(__xludf.DUMMYFUNCTION("""COMPUTED_VALUE""")," ") | D15: =IFERROR(__xludf.DUMMYFUNCTION("""COMPUTED_VALUE"""),"") | E15: =IFERROR(__xludf.DUMMYFUNCTION("""COMPUTED_VALUE""")," ") | F15: =IFERROR(__xludf.DUMMYFUNCTION("""COMPUTED_VALUE""")," ") | G15: =IFERROR(__xludf.DUMMYFUNCTION("""COMPUTED_VALUE""")," ")
A16: =data!A83 -> Музыка | B16: =IFERROR(__xludf.DUMMYFUNCTION("""COMPUTED_VALUE""")," ") | C16: =IFERROR(__xludf.DUMMYFUNCTION("""COMPUTED_VALUE""")," ") | D16: =IFERROR(__xludf.DUMMYFUNCTION("""COMPUTED_VALUE""")," ") | E16: =IFERROR(__xludf.DUMMYFUNCTION("""COMPUTED_VALUE""")," ") | F16: =IFERROR(__xludf.DUMMYFUNCTION("""COMPUTED_VALUE"""),"") | G16: =IFERROR(__xludf.DUMMYFUNCTION("""COMPUTED_VALUE""")," ")
A17: =data!A84 -> Физика | B17: =IFERROR(__xludf.DUMMYFUNCTION("""COMPUTED_VALUE""")," ") | C17: =IFERROR(__xludf.DUMMYFUNCTION("""COMPUTED_VALUE"""),"5") -> 5 | D17: =IFERROR(__xludf.DUMMYFUNCTION("""COMPUTED_VALUE""")," ") | E17: =IFERROR(__xludf.DUMMYFUNCTION("""COMPUTED_VALUE""")," ") | F17: =IFERROR(__xludf.DUMMYFUNCTION("""COMPUTED_VALUE""")," ") | G17: =IFERROR(__xludf.DUMMYFUNCTION("""COMPUTED_VALUE""")," ")
A18: =data!A85 -> Посещаемость | B18: =IFERROR(__xludf.DUMMYFUNCTION("""COMPUTED_VALUE""")," ") | C18: =IFERROR(__xludf.DUMMYFUNCTION("""COMPUTED_VALUE""")," ") | D18: =IFERROR(__xludf.DUMMYFUNCTION("""COMPUTED_VALUE""")," ") | E18: =IFERROR(__xludf.DUMMYFUNCTION("""COMPUTED_VALUE""")," ") | F18: =IFERROR(__xludf.DUMMYFUNCTION("""COMPUTED_VALUE""")," ") | G18: =IFERROR(__xludf.DUMMYFUNCTION("""COMPUTED_VALUE""")," ")
A19: =data!A86 | B19: =IFERROR(__xludf.DUMMYFUNCTION("""COMPUTED_VALUE""")," ") | C19: =IFERROR(__xludf.DUMMYFUNCTION("""COMPUTED_VALUE""")," ") | D19: =IFERROR(__xludf.DUMMYFUNCTION("""COMPUTED_VALUE""")," ") | E19: =IFERROR(__xludf.DUMMYFUNCTION("""COMPUTED_VALUE""")," ") | F19: =IFERROR(__xludf.DUMMYFUNCTION("""COMPUTED_VALUE""")," ") | G19: =IFERROR(__xludf.DUMMYFUNCTION("""COMPUTED_VALUE""")," ")
A20: =data!A87 | B20: =IFERROR(__xludf.DUMMYFUNCTION("""COMPUTED_VALUE""")," ") | C20: =IFERROR(__xludf.DUMMYFUNCTION("""COMPUTED_VALUE""")," ") | D20: =IFERROR(__xludf.DUMMYFUNCTION("""COMPUTED_VALUE""")," ") | E20: =IFERROR(__xludf.DUMMYFUNCTION("""COMPUTED_VALUE""")," ") | F20: =IFERROR(__xludf.DUMMYFUNCTION("""COMPUTED_VALUE""")," ") | G20: =IFERROR(__xludf.DUMMYFUNCTION("""COMPUTED_VALUE""")," ")
A21: =data!A88 | B21: =IFERROR(__xludf.DUMMYFUNCTION("""COMPUTED_VALUE""")," ") | C21: =IFERROR(__xludf.DUMMYFUNCTION("""COMPUTED_VALUE""")," ") | D21: =IFERROR(__xludf.DUMMYFUNCTION("""COMPUTED_VALUE""")," ") | E21: =IFERROR(__xludf.DUMMYFUNCTION("""COMPUTED_VALUE""")," ") | F21: =IFERROR(__xludf.DUMMYFUNCTION("""COMPUTED_VALUE""")," ") | G21: =IFERROR(__xludf.DUMMYFUNCTION("""COMPUTED_VALUE""")," ")
B22: =IFERROR(__xludf.DUMMYFUNCTION("""COMPUTED_VALUE""")," ") | C22: =IFERROR(__xludf.DUMMYFUNCTION("""COMPUTED_VALUE""")," ") | D22: =IFERROR(__xludf.DUMMYFUNCTION("""COMPUTED_VALUE""")," ") | E22: =IFERROR(__xludf.DUMMYFUNCTION("""COMPUTED_VALUE""")," ") | F22: =IFERROR(__xludf.DUMMYFUNCTION("""COMPUTED_VALUE""")," ") | G22: =IFERROR(__xludf.DUMMYFUNCTION("""COMPUTED_VALUE""")," ")
B32: =TEXT(TODAY()-5,"d mmmm") -> 12 марта | C32: =TEXT(TODAY()-4,"d mmmm") -> 13 марта | D32: =TEXT(TODAY()-3,"d mmmm") -> 14 марта | E32: =TEXT(TODAY()-2,"d mmmm") -> 15 марта | F32: =TEXT(TODAY()-1,"d mmmm") -> 16 марта | G32: =TEXT(TODAY(),"d mmmm") -> 17 марта

Sheet Все оценки
A1: Оценки все даты | B1: Столбец 2 | C1: Столбец 3 | D1: Столбец 4 | E1: Столбец 5 | F1: Столбец 6 | G1: Столбец 7 | H1: Столбец 8 | I1: Столбец 9 | J1: Столбец 10 | K1: Столбец 11 | L1: Столбец 12 | M1: Столбец 13 | N1: Столбец 14 | O1: Столбец 15 | P1: Столбец 16 | Q1: Столбец 17 | R1: Столбец 18 | S1: Столбец 19 | T1: Столбец 20 | U1: Столбец 21 | V1: Столбец 22 | W1: Столбец 23 | X1: Столбец 24 | Y1: Столбец 25 | Z1: Столбец 26 | AA1: Столбец 27 | AB1: Столбец 28 | AC1: Столбец 29 | AD1: Столбец 30 | AE1: Столбец 31 | AF1: Столбец 32 | AG1: Столбец 33 | AH1: Столбец 34 | AI1: Столбец 35 | AJ1: Столбец 36 | AK1: Столбец 37 | AL1: Столбец 38 | AM1: Столбец 39 | AN1: Столбец 40 | AO1: Столбец 41 | AP1: Столбец 42 | AQ1: Столбец 43 | AR1: Столбец 44 | AS1: Столбец 45 | AT1: Столбец 46 | AU1: Столбец 47 | AV1: Столбец 48 | AW1: Столбец 49 | AX1: Столбец 50 | AY1: Столбец 51 | AZ1: Столбец 52 | BA1: Столбец 53 | BB1: Столбец 54 | BC1: Столбец 55 | BD1: Столбец 56 | BE1: Столбец 57 | BF1: Столбец 58 | BG1: Столбец 59 | BH1: Столбец 60 | BI1: Столбец 61 | BJ1: Столбец 62 | BK1: Столбец 63 | BL1: Столбец 64 | BM1: Столбец 65 | BN1: Столбец 66 | BO1: Столбец 67 | BP1: Столбец 68 | BQ1: Столбец 69 | BR1: Столбец 70 | BS1: Столбец 71 | BT1: Столбец 72 | BU1: Столбец 73 | BV1: Столбец 74 | BW1: Столбец 75 | BX1: Столбец 76 | BY1: Столбец 77 | BZ1: Столбец 78 | CA1: Столбец 79 | CB1: Столбец 80 | CC1: Столбец 81 | CD1: Столбец 82 | CE1: Столбец 83 | CF1: Столбец 84 | CG1: Столбец 85 | CH1: Столбец 86 | CI1: Столбец 87 | CJ1: Столбец 88 | CK1: Столбец 89 | CL1: Столбец 90 | CM1: Столбец 91 | CN1: Столбец 92 | CO1: Столбец 93 | CP1: Столбец 94 | CQ1: Столбец 95 | CR1: Столбец 96 | CS1: Столбец 97 | CT1: Столбец 98 | CU1: Столбец 99 | CV1: Столбец 100 | CW1: Столбец 101 | CX1: Столбец 102 | CY1: Столбец 103 | CZ1: Столбец 104 | DA1: Столбец 105 | DB1: Столбец 106 | DC1: Столбец 107 | DD1: Столбец 108 | DE1: Столбец 109 | DF1: Столбец 110 | DG1: Столбец 111 | DH1: Столбец 112 | DI1: Столбец 113 | DJ1: Столбец 114 | DK1: Столбец 115 | DL1: Столбец 116 | DM1: Столбец 117 | DN1: Столбец 118 | DO1: Столбец 119 | DP1: Столбец 120 | DQ1: Столбец 121 | DR1: Столбец 122 | DS1: Столбец 123 | DT1: Столбец 124 | DU1: Столбец 125 | DV1: Столбец 126 | DW1: Столбец 127 | DX1: Столбец 128 | DY1: Столбец 129 | DZ1: Столбец 130 | EA1: Столбец 131 | EB1: Столбец 132 | EC1: Столбец 133 | ED1: Столбец 134 | EE1: Столбец 135 | EF1: Столбец 136 | EG1: Столбец 137 | EH1: Столбец 138 | EI1: Столбец 139 | EJ1: Столбец 140 | EK1: Столбец 141 | EL1: Столбец 142 | EM1: Столбец 143 | EN1: Столбец 144 | EO1: Столбец 145 | EP1: Столбец 146 | EQ1: Столбец 147 | ER1: Столбец 148 | ES1: Столбец 149 | ET1: Столбец 150 | EU1: Столбец 151 | EV1: Столбец 152 | EW1: Столбец 153 | EX1: Столбец 154 | EY1: Столбец 155 | EZ1: Столбец 156 | FA1: Столбец 157 | FB1: Столбец 158 | FC1: Столбец 159 | FD1: Столбец 160 | FE1: Столбец 161 | FF1: Столбец 162 | FG1: Столбец 163 | FH1: Столбец 164 | FI1: Столбец 165 | FJ1: Столбец 166 | FK1: Столбец 167 | FL1: Столбец 168 | FM1: Столбец 169 | FN1: Столбец 170 | FO1: Столбец 171 | FP1: Столбец 172 | FQ1: Столбец 173 | FR1: Столбец 174 | FS1: Столбец 175 | FT1: Столбец 176 | FU1: Столбец 177 | FV1: Столбец 178 | FW1: Столбец 179 | FX1: Столбец 180 | FY1: Столбец 181 | FZ1: Столбец 182 | GA1: Столбец 183 | GB1: Столбец 184 | GC1: Столбец 185 | GD1: Столбец 186 | GE1: Столбец 187 | GF1: Столбец 188 | GG1: Столбец 189 | GH1: Столбец 190 | GI1: Столбец 191 | GJ1: Столбец 192 | GK1: Столбец 193 | GL1: Столбец 194 | GM1: Столбец 195 | GN1: Столбец 196 | GO1: Столбец 197 | GP1: Столбец 198 | GQ1: Столбец 199 | GR1: Столбец 200 | GS1: Столбец 201 | GT1: Столбец 202 | GU1: Столбец 203 | GV1: Столбец 204 | GW1: Столбец 205 | GX1: Столбец 206 | GY1: Столбец 207 | GZ1: Столбец 208 | HA1: Столбец 209 | HB1: Столбец 210 | HC1: Столбец 211 | HD1: Столбец 212 | HE1: Столбец 213 | HF1: Столбец 214 | HG1: Столбец 215 | HH1: Столбец 216 | HI1: Столбец 217 | HJ1: Столбец 218 | HK1: Столбец 219 | HL1: Столбец 220 | HM1: Столбец 221 | HN1: Столбец 222 | HO1: Столбец 223 | HP1: Столбец 224 | HQ1: Столбец 225 | HR1: Столбец 226 | HS1: Столбец 227 | HT1: Столбец 228 | HU1: Столбец 229 | HV1: Столбец 230 | HW1: Столбец 231 | HX1: Столбец 232 | HY1: Столбец 233 | HZ1: Столбец 234 | IA1: Столбец 235 | IB1: Столбец 236 | IC1: Столбец 237 | ID1: Столбец 238 | IE1: Столбец 239 | IF1: Столбец 240 | IG1: Столбец 241 | IH1: Столбец 242 | II1: Столбец 243 | IJ1: Столбец 244 | IK1: Столбец 245 | IL1: Столбец 246 | IM1: Столбец 247 | IN1: Столбец 248 | IO1: Столбец 249 | IP1: Столбец 250 | IQ1: Столбец 251 | IR1: Столбец 252 | IS1: Столбец 253 | IT1: Столбец 254 | IU1: Столбец 255 | IV1: Столбец 256 | IW1: Столбец 257 | IX1: Столбец 258 | IY1: Столбец 259 | IZ1: Столбец 260 | JA1: Столбец 261 | JB1: Столбец 262 | JC1: Столбец 263 | JD1: Столбец 264 | JE1: Столбец 265
A2: =data!A69 -> Оценки | B2: =data!B69 -> 2 сентября | C2: =data!C69 -> 3 сентября | D2: =data!D69 -> 4 сентября | E2: =data!E69 -> 5 сентября | F2: =data!F69 -> 6 сентября | G2: =data!G69 -> 7 сентября | H2: =data!H69 -> 8 сентября | ... JE2: =data!JE69 -> 23 мая
A3: =data!A70 -> Русский язык | B3: =data!B70 | C3: =data!C70 | D3: =data!D70 -> 5 | E3: =data!E70 | F3: =data!F70 | G3: =data!G70 | H3: =data!H70 | ... JE3: =data!JE70
A4: =data!A71 -> Литература | B4: =data!B71 | C4: =data!C71 | D4: =data!D71 -> 5 | E4: =data!E71 | F4: =data!F71 | G4: =data!G71 | H4: =data!H71 | ... JE4: =data!JE71
A5: =data!A72 -> Узбекский язык | B5: =data!B72 | C5: =data!C72 | D5: =data!D72 | E5: =data!E72 | F5: =data!F72 | G5: =data!G72 | H5: =data!H72 | ... JE5: =data!JE72
A6: =data!A73 -> Английский язык | B6: =data!B73 | C6: =data!C73 -> 5 | D6: =data!D73 | E6: =data!E73 -> 2 | F6: =data!F73 | G6: =data!G73 | H6: =data!H73 | ... JE6: =data!JE73
A7: =data!A74 -> История | B7: =data!B74 | C7: =data!C74 | D7: =data!D74 | E7: =data!E74 | F7: =data!F74 | G7: =data!G74 | H7: =data!H74 | ... JE7: =data!JE74
A8: =data!A75 -> Воспитание | B8: =data!B75 | C8: =data!C75 | D8: =data!D75 | E8: =data!E75 | F8: =data!F75 | G8: =data!G75 | H8: =data!H75 | ... JE8: =data!JE75
A9: =data!A76 -> Физкультура | B9: =data!B76 | C9: =data!C76 | D9: =data!D76 | E9: =data!E76 | F9: =data!F76 -> 5 | G9: =data!G76 | H9: =data!H76 -> 5 | ... JE9: =data!JE76
A10: =data!A77 -> Математика | B10: =data!B77 | C10: =data!C77 | D10: =data!D77 | E10: =data!E77 | F10: =data!F77 | G10: =data!G77 | H10: =data!H77 | ... JE10: =data!JE77
A11: =data!A78 -> Ботаника | B11: =data!B78 | C11: =data!C78 -> 4 | D11: =data!D78 | E11: =data!E78 | F11: =data!F78 | G11: =data!G78 | H11: =data!H78 | ... JE11: =data!JE78
A12: =data!A79 -> География | B12: =data!B79 | C12: =data!C79 | D12: =data!D79 | E12: =data!E79 | F12: =data!F79 | G12: =data!G79 | H12: =data!H79 -> 4 | ... JE12: =data!JE79
A13: =data!A80 -> ИЗО | B13: =data!B80 | C13: =data!C80 | D13: =data!D80 | E13: =data!E80 | F13: =data!F80 | G13: =data!G80 | H13: =data!H80 | ... JE13: =data!JE80
... A21: =data!A88 | B21: =data!B88 | C21: =data!C88 | D21: =data!D88 | E21: =data!E88 | F21: =data!F88 | G21: =data!G88 | H21: =data!H88 | ... JE21: =data!JE88

Sheet Четверти
A1: Предварительно четверть | B1: 1 Четверть | C1: 2 Четверть | D1: 3 Четверть | E1: 4 Четверть | F1: Год
A2: =data!A70 -> Русский язык | B2: =IFERROR(HLOOKUP(B$1,data!$B$2:$JE$3,2,0),"") -> 4 | C2: =IFERROR(IF(ISNUMBER(HLOOKUP("1 полугодие",data!$B$2:$JE$3,2,0)),HLOOKUP("1 полугодие",data!$B$2:$JE$3,2,0),HLOOKUP(C$1,data!$B$2:$JE$3,2,0)),"") -> 4 | D2: =IFERROR(HLOOKUP(D$1,data!$B$2:$JE$3,2,0),"") -> 4 | E2: =IFERROR(IF(ISNUMBER(HLOOKUP("2 полугодие",data!$B$2:$JE$3,2,0)),HLOOKUP("2 полугодие",data!$B$2:$JE$3,2,0),HLOOKUP(E$1,data!$B$2:$JE$3,2,0)),"") | F2: =IFERROR(HLOOKUP(F$1,data!$B$2:$JE$3,2,0),"")
A3: =data!A71 -> Литература | B3: =IFERROR(HLOOKUP(B$1,data!$B$5:$JE$6,2,0),"") -> 5 | C3: =IFERROR(IF(ISNUMBER(HLOOKUP("1 полугодие",data!$B$5:$JE$6,2,0)),HLOOKUP("1 полугодие",data!$B$5:$JE$6,2,0),HLOOKUP(C$1,data!$B$5:$JE$6,2,0)),"") -> 4 | D3: =IFERROR(HLOOKUP(D$1,data!$B$5:$JE$6,2,0),"") -> 4 | E3: =IFERROR(IF(ISNUMBER(HLOOKUP("2 полугодие",data!$B$5:$JE$6,2,0)),HLOOKUP("2 полугодие",data!$B$5:$JE$6,2,0),HLOOKUP(E$1,data!$B$5:$JE$6,2,0)),"") | F3: =IFERROR(HLOOKUP(F$1,data!$B$5:$JE$6,2,0),"")
A4: =data!A72 -> Узбекский язык | B4: =IFERROR(HLOOKUP(B$1,data!$B$8:$JE$9,2,0),"") -> 3 | C4: =IFERROR(IF(ISNUMBER(HLOOKUP("1 полугодие",data!$B$8:$JE$9,2,0)),HLOOKUP("1 полугодие",data!$B$8:$JE$9,2,0),HLOOKUP(C$1,data!$B$8:$JE$9,2,0)),"") -> 4 | D4: =IFERROR(HLOOKUP(D$1,data!$B$8:$JE$9,2,0),"") -> 3 | E4: =IFERROR(IF(ISNUMBER(HLOOKUP("2 полугодие",data!$B$8:$JE$9,2,0)),HLOOKUP("2 полугодие",data!$B$8:$JE$9,2,0),HLOOKUP(E$1,data!$B$8:$JE$9,2,0)),"") | F4: =IFERROR(HLOOKUP(F$1,data!$B$8:$JE$9,2,0),"")
A5: =data!A73 -> Английский язык | B5: =IFERROR(HLOOKUP(B$1,data!$B$11:$JE$12,2,0),"") -> 4 | C5: =IFERROR(IF(ISNUMBER(HLOOKUP("1 полугодие",data!$B$11:$JE$12,2,0)),HLOOKUP("1 полугодие",data!$B$11:$JE$12,2,0),HLOOKUP(C$1,data!$B$11:$JE$12,2,0)),"") -> 4 | D5: =IFERROR(HLOOKUP(D$1,data!$B$11:$JE$12,2,0),"") -> 4 | E5: =IFERROR(IF(ISNUMBER(HLOOKUP("2 полугодие",data!$B$11:$JE$12,2,0)),HLOOKUP("2 полугодие",data!$B$11:$JE$12,2,0),HLOOKUP(E$1,data!$B$11:$JE$12,2,0)),"") | F5: =IFERROR(HLOOKUP(F$1,data!$B$11:$JE$12,2,0),"")
A6: =data!A74 -> История | B6: =IFERROR(HLOOKUP(B$1,data!$B$14:$JE$15,2,0),"") -> 4 | C6: =IFERROR(IF(ISNUMBER(HLOOKUP("1 полугодие",data!$B$14:$JE$15,2,0)),HLOOKUP("1 полугодие",data!$B$14:$JE$15,2,0),HLOOKUP(C$1,data!$B$14:$JE$15,2,0)),"") -> 5 | D6: =IFERROR(HLOOKUP(D$1,data!$B$14:$JE$15,2,0),"") -> 4 | E6: =IFERROR(IF(ISNUMBER(HLOOKUP("2 полугодие",data!$B$14:$JE$15,2,0)),HLOOKUP("2 полугодие",data!$B$14:$JE$15,2,0),HLOOKUP(E$1,data!$B$14:$JE$15,2,0)),"") | F6: =IFERROR(HLOOKUP(F$1,data!$B$14:$JE$15,2,0),"")
A7: =data!A75 -> Воспитание | B7: =IFERROR(HLOOKUP(B$1,data!$B$17:$JE$18,2,0),"") | C7: =IFERROR(IF(ISNUMBER(HLOOKUP("1 полугодие",data!$B$17:$JE$18,2,0)),HLOOKUP("1 полугодие",data!$B$17:$JE$18,2,0),HLOOKUP(C$1,data!$B$17:$JE$18,2,0)),"") -> 5 | D7: =IFERROR(HLOOKUP(D$1,data!$B$17:$JE$18,2,0),"") | E7: =IFERROR(IF(ISNUMBER(HLOOKUP("2 полугодие",data!$B$17:$JE$18,2,0)),HLOOKUP("2 полугодие",data!$B$17:$JE$18,2,0),HLOOKUP(E$1,data!$B$17:$JE$18,2,0)),"") -> 4 | F7: =IFERROR(HLOOKUP(F$1,data!$B$17:$JE$18,2,0),"")
A8: =data!A76 -> Физкультура | B8: =IFERROR(HLOOKUP(B$1,data!$B$20:$JE$21,2,0),"") -> 4 | C8: =IFERROR(IF(ISNUMBER(HLOOKUP("1 полугодие",data!$B$20:$JE$21,2,0)),HLOOKUP("1 полугодие",data!$B$20:$JE$21,2,0),HLOOKUP(C$1,data!$B$20:$JE$21,2,0)),"") -> 4 | D8: =IFERROR(HLOOKUP(D$1,data!$B$20:$JE$21,2,0),"") -> 5 | E8: =IFERROR(IF(ISNUMBER(HLOOKUP("2 полугодие",data!$B$20:$JE$21,2,0)),HLOOKUP("2 полугодие",data!$B$20:$JE$21,2,0),HLOOKUP(E$1,data!$B$20:$JE$21,2,0)),"") | F8: =IFERROR(HLOOKUP(F$1,data!$B$20:$JE$21,2,0),"")
A9: =data!A77 -> Математика | B9: =IFERROR(HLOOKUP(B$1,data!$B$23:$JE$24,2,0),"") -> 5 | C9: =IFERROR(IF(ISNUMBER(HLOOKUP("1 полугодие",data!$B$23:$JE$24,2,0)),HLOOKUP("1 полугодие",data!$B$23:$JE$24,2,0),HLOOKUP(C$1,data!$B$23:$JE$24,2,0)),"") -> 4 | D9: =IFERROR(HLOOKUP(D$1,data!$B$23:$JE$24,2,0),"") -> 4 | E9: =IFERROR(IF(ISNUMBER(HLOOKUP("2 полугодие",data!$B$23:$JE$24,2,0)),HLOOKUP("2 полугодие",data!$B$23:$JE$24,2,0),HLOOKUP(E$1,data!$B$23:$JE$24,2,0)),"") | F9: =IFERROR(HLOOKUP(F$1,data!$B$23:$JE$24,2,0),"")
A10: =data!A78 -> Ботаника | B10: =IFERROR(HLOOKUP(B$1,data!$B$26:$JE$27,2,0),"") | C10: =IFERROR(IF(ISNUMBER(HLOOKUP("1 полугодие",data!$B$26:$JE$27,2,0)),HLOOKUP("1 полугодие",data!$B$26:$JE$27,2,0),HLOOKUP(C$1,data!$B$26:$JE$27,2,0)),"") -> 5 | D10: =IFERROR(HLOOKUP(D$1,data!$B$26:$JE$27,2,0),"") | E10: =IFERROR(IF(ISNUMBER(HLOOKUP("2 полугодие",data!$B$26:$JE$27,2,0)),HLOOKUP("2 полугодие",data!$B$26:$JE$27,2,0),HLOOKUP(E$1,data!$B$26:$JE$27,2,0)),"") -> 4 | F10: =IFERROR(HLOOKUP(F$1,data!$B$26:$JE$27,2,0),"")
A11: =data!A79 -> География | B11: =IFERROR(HLOOKUP(B$1,data!$B$29:$JE$30,2,0),"") | C11: =IFERROR(IF(ISNUMBER(HLOOKUP("1 полугодие",data!$B$29:$JE$30,2,0)),HLOOKUP("1 полугодие",data!$B$29:$JE$30,2,0),HLOOKUP(C$1,data!$B$29:$JE$30,2,0)),"") -> 5 | D11: =IFERROR(HLOOKUP(D$1,data!$B$29:$JE$30,2,0),"") | E11: =IFERROR(IF(ISNUMBER(HLOOKUP("2 полугодие",data!$B$29:$JE$30,2,0)),HLOOKUP("2 полугодие",data!$B$29:$JE$30,2,0),HLOOKUP(E$1,data!$B$29:$JE$30,2,0)),"") | F11: =IFERROR(HLOOKUP(F$1,data!$B$29:$JE$30,2,0),"")
A12: =data!A80 -> ИЗО | B12: =IFERROR(HLOOKUP(B$1,data!$B$32:$JE$33,2,0),"") | C12: =IFERROR(IF(ISNUMBER(HLOOKUP("1 полугодие",data!$B$32:$JE$33,2,0)),HLOOKUP("1 полугодие",data!$B$32:$JE$33,2,0),HLOOKUP(C$1,data!$B$32:$JE$33,2,0)),"") -> 5 | D12: =IFERROR(HLOOKUP(D$1,data!$B$32:$JE$33,2,0),"") | E12: =IFERROR(IF(ISNUMBER(HLOOKUP("2 полугодие",data!$B$32:$JE$33,2,0)),HLOOKUP("2 полугодие",data!$B$32:$JE$33,2,0),HLOOKUP(E$1,data!$B$32:$JE$33,2,0)),"") | F12: =IFERROR(HLOOKUP(F$1,data!$B$32:$JE$33,2,0),"")
A13: =data!A81 -> Технология | B13: =IFERROR(HLOOKUP(B$1,data!$B$35:$JE$36,2,0),"") | C13: =IFERROR(IF(ISNUMBER(HLOOKUP("1 полугодие",data!$B$35:$JE$36,2,0)),HLOOKUP("1 полугодие",data!$B$35:$JE$36,2,0),HLOOKUP(C$1,data!$B$35:$JE$36,2,0)),"") -> 5 | D13: =IFERROR(HLOOKUP(D$1,data!$B$35:$JE$36,2,0),"") | E13: =IFERROR(IF(ISNUMBER(HLOOKUP("2 полугодие",data!$B$35:$JE$36,2,0)),HLOOKUP("2 полугодие",data!$B$35:$JE$36,2,0),HLOOKUP(E$1,data!$B$35:$JE$36,2,0)),"") | F13: =IFERROR(HLOOKUP(F$1,data!$B$35:$JE$36,2,0),"")
A14: =data!A82 -> Информатика | B14: =IFERROR(HLOOKUP(B$1,data!$B$38:$JE$39,2,0),"") | C14: =IFERROR(IF(ISNUMBER(HLOOKUP("1 полугодие",data!$B$38:$JE$39,2,0)),HLOOKUP("1 полугодие",data!$B$38:$JE$39,2,0),HLOOKUP(C$1,data!$B$38:$JE$39,2,0)),"") -> 5 | D14: =IFERROR(HLOOKUP(D$1,data!$B$38:$JE$39,2,0),"") | E14: =IFERROR(IF(ISNUMBER(HLOOKUP("2 полугодие",data!$B$38:$JE$39,2,0)),HLOOKUP("2 полугодие",data!$B$38:$JE$39,2,0),HLOOKUP(E$1,data!$B$38:$JE$39,2,0)),"") -> 4 | F14: =IFERROR(HLOOKUP(F$1,data!$B$38:$JE$39,2,0),"") -> 4.5
A15: =data!A83 -> Музыка | B15: =IFERROR(HLOOKUP(B$1,data!$B$41:$JE$42,2,0),"") | C15: =IFERROR(IF(ISNUMBER(HLOOKUP("1 полугодие",data!$B$41:$JE$42,2,0)),HLOOKUP("1 полугодие",data!$B$41:$JE$42,2,0),HLOOKUP(C$1,data!$B$41:$JE$42,2,0)),"") -> 5 | D15: =IFERROR(HLOOKUP(D$1,data!$B$41:$JE$42,2,0),"") | E15: =IFERROR(IF(ISNUMBER(HLOOKUP("2 полугодие",data!$B$41:$JE$42,2,0)),HLOOKUP("2 полугодие",data!$B$41:$JE$42,2,0),HLOOKUP(E$1,data!$B$41:$JE$42,2,0)),"") -> 5 | F15: =IFERROR(HLOOKUP(F$1,data!$B$41:$JE$42,2,0),"")
A16: =data!A84 -> Физика | B16: =IFERROR(HLOOKUP(B$1,data!$B$44:$JE$45,2,0),"") -> 4 | C16: =IFERROR(IF(ISNUMBER(HLOOKUP("1 полугодие",data!$B$44:$JE$45,2,0)),HLOOKUP("1 полугодие",data!$B$44:$JE$45,2,0),HLOOKUP(C$1,data!$B$44:$JE$45,2,0)),"") -> 4 | D16: =IFERROR(HLOOKUP(D$1,data!$B$44:$JE$45,2,0),"") -> 5 | E16: =IFERROR(IF(ISNUMBER(HLOOKUP("2 полугодие",data!$B$44:$JE$45,2,0)),HLOOKUP("2 полугодие",data!$B$44:$JE$45,2,0),HLOOKUP(E$1,data!$B$44:$JE$45,2,0)),"") | F16: =IFERROR(HLOOKUP(F$1,data!$B$44:$JE$45,2,0),"")
A17: =data!A85 -> Посещаемость | B17: =IFERROR(HLOOKUP(B$1,data!$B$47:$JE$48,2,0),"") | C17: =IFERROR(IF(ISNUMBER(HLOOKUP("1 полугодие",data!$B$47:$JE$48,2,0)),HLOOKUP("1 полугодие",data!$B$47:$JE$48,2,0),HLOOKUP(C$1,data!$B$47:$JE$48,2,0)),"") | D17: =IFERROR(HLOOKUP(D$1,data!$B$47:$JE$48,2,0),"") | E17: =IFERROR(IF(ISNUMBER(HLOOKUP("2 полугодие",data!$B$47:$JE$48,2,0)),HLOOKUP("2 полугодие",data!$B$47:$JE$48,2,0),HLOOKUP(E$1,data!$B$47:$JE$48,2,0)),"") | F17: =IFERROR(HLOOKUP(F$1,data!$B$47:$JE$48,2,0)," ")
A18: =data!A86 | B18: =IFERROR(HLOOKUP(B$1,data!$B$50:$JE$51,2,0),"") | C18: =IFERROR(IF(ISNUMBER(HLOOKUP("1 полугодие",data!$B$50:$JE$51,2,0)),HLOOKUP("1 полугодие",data!$B$50:$JE$51,2,0),HLOOKUP(C$1,data!$B$50:$JE$51,2,0)),"") | D18: =IFERROR(HLOOKUP(D$1,data!$B$50:$JE$51,2,0),"") | E18: =IFERROR(IF(ISNUMBER(HLOOKUP("2 полугодие",data!$B$50:$JE$51,2,0)),HLOOKUP("2 полугодие",data!$B$50:$JE$51,2,0),HLOOKUP(E$1,data!$B$50:$JE$51,2,0)),"") | F18: =IFERROR(HLOOKUP(F$1,data!$B$50:$JE$51,2,0)," ")
A19: =data!A87 | B19: =IFERROR(HLOOKUP(B$1,data!$B$53:$JE$54,2,0),"") | C19: =IFERROR(IF(ISNUMBER(HLOOKUP("1 полугодие",data!$B$53:$JE$54,2,0)),HLOOKUP("1 полугодие",data!$B$53:$JE$54,2,0),HLOOKUP(C$1,data!$B$53:$JE$54,2,0)),"") | D19: =IFERROR(HLOOKUP(D$1,data!$B$53:$JE$54,2,0),"") | E19: =IFERROR(IF(ISNUMBER(HLOOKUP("2 полугодие",data!$B$53:$JE$54,2,0)),HLOOKUP("2 полугодие",data!$B$53:$JE$54,2,0),HLOOKUP(E$1,data!$B$53:$JE$54,2,0)),"") | F19: =IFERROR(HLOOKUP(F$1,data!$B$53:$JE$54,2,0)," ")
A20: =data!A88 | B20: =IFERROR(HLOOKUP(B$1,data!$B$56:$JE$57,2,0),"") | C20: =IFERROR(IF(ISNUMBER(HLOOKUP("1 полугодие",data!$B$56:$JE$57,2,0)),HLOOKUP("1 полугодие",data!$B$56:$JE$57,2,0),HLOOKUP(C$1,data!$B$56:$JE$57,2,0)),"") | D20: =IFERROR(HLOOKUP(D$1,data!$B$56:$JE$57,2,0),"") | E20: =IFERROR(IF(ISNUMBER(HLOOKUP("2 полугодие",data!$B$56:$JE$57,2,0)),HLOOKUP("2 полугодие",data!$B$56:$JE$57,2,0),HLOOKUP(E$1,data!$B$56:$JE$57,2,0)),"") | F20: =IFERROR(HLOOKUP(F$1,data!$B$56:$JE$57,2,0),"")

Sheet data
A1: ='Сегодня'!B1 -> Зулькайнаров Умарбек | B1: 2 | C1: 3 | D1: 4 | E1: 5 | F1: 6 | G1: 7 | H1: 8 | I1: 9 | J1: 10 | K1: 11 | L1: 12 | M1: 13 | N1: 14 | O1: 15 | P1: 16 | Q1: 17 | R1: 18 | S1: 19 | T1: 20 | U1: 21 | V1: 22 | W1: 23 | X1: 24 | Y1: 25 | Z1: 26 | AA1: 27 | AB1: 28 | AC1: 29 | AD1: 30 | AE1: 31 | AF1: 32 | AG1: 33 | AH1: 34 | AI1: 35 | AJ1: 36 | AK1: 37 | AL1: 38 | AM1: 39 | AN1: 40 | AO1: 41 | AP1: 42 | AQ1: 43 | AR1: 44 | AS1: 45 | AT1: 46 | AU1: 47 | AV1: 48 | AW1: 49 | AX1: 50 | AY1: 51 | AZ1: 52 | BA1: 53 | BB1: 54 | BC1: 55 | BD1: 56 | BE1: 57 | BF1: 58 | BG1: 59 | BH1: 60 | BI1: 61 | BJ1: 62 | BK1: 63 | BL1: 64 | BM1: 65 | BN1: 66 | BO1: 67 | BP1: 68 | BQ1: 69 | BR1: 70 | BS1: 71 | BT1: 72 | BU1: 73 | BV1: 74 | BW1: 75 | BX1: 76 | BY1: 77 | BZ1: 78 | CA1: 79 | CB1: 80 | CC1: 81 | CD1: 82 | CE1: 83 | CF1: 84 | CG1: 85 | CH1: 86 | CI1: 87 | CJ1: 88 | CK1: 89 | CL1: 90 | CM1: 91 | CN1: 92 | CO1: 93 | CP1: 94 | CQ1: 95 | CR1: 96 | CS1: 97 | CT1: 98 | CU1: 99 | CV1: 100 | CW1: 101 | CX1: 102 | CY1: 103 | CZ1: 104 | DA1: 105 | DB1: 106 | DC1: 107 | DD1: 108 | DE1: 109 | DF1: 110 | DG1: 111 | DH1: 112 | DI1: 113 | DJ1: 114 | DK1: 115 | DL1: 116 | DM1: 117 | DN1: 118 | DO1: 119 | DP1: 120 | DQ1: 121 | DR1: 122 | DS1: 123 | DT1: 124 | DU1: 125 | DV1: 126 | DW1: 127 | DX1: 128 | DY1: 129 | DZ1: 130 | EA1: 131 | EB1: 132 | EC1: 133 | ED1: 134 | EE1: 135 | EF1: 136 | EG1: 137 | EH1: 138 | EI1: 139 | EJ1: 140 | EK1: 141 | EL1: 142 | EM1: 143 | EN1: 144 | EO1: 145 | EP1: 146 | EQ1: 147 | ER1: 148 | ES1: 149 | ET1: 150 | EU1: 151 | EV1: 152 | EW1: 153 | EX1: 154 | EY1: 155 | EZ1: 156 | FA1: 157 | FB1: 158 | FC1: 159 | FD1: 160 | FE1: 161 | FF1: 162 | FG1: 163 | FH1: 164 | FI1: 165 | FJ1: 166 | FK1: 167 | FL1: 168 | FM1: 169 | FN1: 170 | FO1: 171 | FP1: 172 | FQ1: 173 | FR1: 174 | FS1: 175 | FT1: 176 | FU1: 177 | FV1: 178 | FW1: 179 | FX1: 180 | FY1: 181 | FZ1: 182 | GA1: 183 | GB1: 184 | GC1: 185 | GD1: 186 | GE1: 187 | GF1: 188 | GG1: 189 | GH1: 190 | GI1: 191 | GJ1: 192 | GK1: 193 | GL1: 194 | GM1: 195 | GN1: 196 | GO1: 197 | GP1: 198 | GQ1: 199 | GR1: 200 | GS1: 201 | GT1: 202 | GU1: 203 | GV1: 204 | GW1: 205 | GX1: 206 | GY1: 207 | GZ1: 208 | HA1: 209 | HB1: 210 | HC1: 211 | HD1: 212 | HE1: 213 | HF1: 214 | HG1: 215 | HH1: 216 | HI1: 217 | HJ1: 218 | HK1: 219 | HL1: 220 | HM1: 221 | HN1: 222 | HO1: 223 | HP1: 224 | HQ1: 225 | HR1: 226 | HS1: 227 | HT1: 228 | HU1: 229 | HV1: 230 | HW1: 231 | HX1: 232 | HY1: 233 | HZ1: 234 | IA1: 235 | IB1: 236 | IC1: 237 | ID1: 238 | IE1: 239 | IF1: 240 | IG1: 241 | IH1: 242 | II1: 243 | IJ1: 244 | IK1: 245 | IL1: 246 | IM1: 247 | IN1: 248 | IO1: 249 | IP1: 250 | IQ1: 251 | IR1: 252 | IS1: 253 | IT1: 254 | IU1: 255 | IV1: 256 | IW1: 257 | IX1: 258 | IY1: 259 | IZ1: 260 | JA1: 261
A2: Журнал 6 Nova 2025-2026 | B2: =IFERROR(__xludf.DUMMYFUNCTION("IMPORTRANGE($A$2, CONCATENATE($A3,""!C4:JB4""))"),45902.0) -> 45902 | C2: =IFERROR(__xludf.DUMMYFUNCTION("""COMPUTED_VALUE"""),45904.0) -> 45904 | D2: =IFERROR(__xludf.DUMMYFUNCTION("""COMPUTED_VALUE"""),45909.0) -> 45909 | E2: =IFERROR(__xludf.DUMMYFUNCTION("""COMPUTED_VALUE"""),45911.0) -> 45911 | I2: =IFERROR(__xludf.DUMMYFUNCTION("""COMPUTED_VALUE"""),45551.0) -> 45551 | J2: =IFERROR(__xludf.DUMMYFUNCTION("""COMPUTED_VALUE"""),45923.0) -> 45923 | K2: =IFERROR(__xludf.DUMMYFUNCTION("""COMPUTED_VALUE"""),45960.0) -> 45960 | L2: =IFERROR(__xludf.DUMMYFUNCTION("""COMPUTED_VALUE"""),"02.20.2025") -> 02.20.2025 | P2: =IFERROR(__xludf.DUMMYFUNCTION("""COMPUTED_VALUE"""),45937.0) -> 45937 | Q2: =IFERROR(__xludf.DUMMYFUNCTION("""COMPUTED_VALUE"""),45939.0) -> 45939 | R2: =IFERROR(__xludf.DUMMYFUNCTION("""COMPUTED_VALUE"""),45975.0) -> 45975 | S2: =IFERROR(__xludf.DUMMYFUNCTION("""COMPUTED_VALUE"""),45951.0) -> 45951 | W2: =IFERROR(__xludf.DUMMYFUNCTION("""COMPUTED_VALUE"""),45953.0) -> 45953 | X2: =IFERROR(__xludf.DUMMYFUNCTION("""COMPUTED_VALUE"""),45958.0) -> 45958 | BM2: =IFERROR(__xludf.DUMMYFUNCTION("""COMPUTED_VALUE"""),"1 четверть") -> 1 четверть | BN2: =IFERROR(__xludf.DUMMYFUNCTION("""COMPUTED_VALUE"""),45972.0) -> 45972 | BO2: =IFERROR(__xludf.DUMMYFUNCTION("""COMPUTED_VALUE"""),45979.0) -> 45979 | BP2: =IFERROR(__xludf.DUMMYFUNCTION("""COMPUTED_VALUE"""),45981.0) -> 45981 | BQ2: =IFERROR(__xludf.DUMMYFUNCTION("""COMPUTED_VALUE"""),45986.0) -> 45986 | BU2: =IFERROR(__xludf.DUMMYFUNCTION("""COMPUTED_VALUE"""),45993.0) -> 45993 | BV2: =IFERROR(__xludf.DUMMYFUNCTION("""COMPUTED_VALUE"""),45995.0) -> 45995 | BW2: =IFERROR(__xludf.DUMMYFUNCTION("""COMPUTED_VALUE"""),46000.0) -> 46000 | BX2: =IFERROR(__xludf.DUMMYFUNCTION("""COMPUTED_VALUE"""),46007.0) -> 46007 | CB2: =IFERROR(__xludf.DUMMYFUNCTION("""COMPUTED_VALUE"""),46009.0) -> 46009 | CC2: =IFERROR(__xludf.DUMMYFUNCTION("""COMPUTED_VALUE"""),46014.0) -> 46014 | DR2: =IFERROR(__xludf.DUMMYFUNCTION("""COMPUTED_VALUE"""),"2 четверть") -> 2 четверть | DS2: =IFERROR(__xludf.DUMMYFUNCTION("""COMPUTED_VALUE"""),46035.0) -> 46035 | DT2: =IFERROR(__xludf.DUMMYFUNCTION("""COMPUTED_VALUE"""),46037.0) -> 46037 | DU2: =IFERROR(__xludf.DUMMYFUNCTION("""COMPUTED_VALUE"""),46044.0) -> 46044 | DV2: =IFERROR(__xludf.DUMMYFUNCTION("""COMPUTED_VALUE"""),46049.0) -> 46049 | DZ2: =IFERROR(__xludf.DUMMYFUNCTION("""COMPUTED_VALUE"""),"в/д") -> в/д | EA2: =IFERROR(__xludf.DUMMYFUNCTION("""COMPUTED_VALUE"""),46056.0) -> 46056 | EB2: =IFERROR(__xludf.DUMMYFUNCTION("""COMPUTED_VALUE"""),46058.0) -> 46058 | EC2: =IFERROR(__xludf.DUMMYFUNCTION("""COMPUTED_VALUE"""),46063.0) -> 46063 | EG2: =IFERROR(__xludf.DUMMYFUNCTION("""COMPUTED_VALUE"""),46065.0) -> 46065 | EH2: =IFERROR(__xludf.DUMMYFUNCTION("""COMPUTED_VALUE"""),46070.0) -> 46070 | EI2: =IFERROR(__xludf.DUMMYFUNCTION("""COMPUTED_VALUE"""),46077.0) -> 46077 | EJ2: =IFERROR(__xludf.DUMMYFUNCTION("""COMPUTED_VALUE"""),46079.0) -> 46079 | EN2: =IFERROR(__xludf.DUMMYFUNCTION("""COMPUTED_VALUE"""),46084.0) -> 46084 | EO2: =IFERROR(__xludf.DUMMYFUNCTION("""COMPUTED_VALUE"""),46086.0) -> 46086 | EP2: =IFERROR(__xludf.DUMMYFUNCTION("""COMPUTED_VALUE"""),46091.0) -> 46091 | EQ2: =IFERROR(__xludf.DUMMYFUNCTION("""COMPUTED_VALUE"""),46093.0) -> 46093 | EU2: =IFERROR(__xludf.DUMMYFUNCTION("""COMPUTED_VALUE"""),46098.0) -> 46098 | EV2: =IFERROR(__xludf.DUMMYFUNCTION("""COMPUTED_VALUE"""),46100.0) -> 46100 | GK2: =IFERROR(__xludf.DUMMYFUNCTION("""COMPUTED_VALUE"""),"3 четверть") -> 3 четверть | IS2: =IFERROR(__xludf.DUMMYFUNCTION("""COMPUTED_VALUE"""),"4 четверть") -> 4 четверть | IT2: =IFERROR(__xludf.DUMMYFUNCTION("""COMPUTED_VALUE"""),"год") -> год | IU2: =IFERROR(__xludf.DUMMYFUNCTION("""COMPUTED_VALUE"""),"рейтинг") -> рейтинг | IX2: =IFERROR(__xludf.DUMMYFUNCTION("""COMPUTED_VALUE"""),"Дата") -> Дата | IY2: =IFERROR(__xludf.DUMMYFUNCTION("""COMPUTED_VALUE"""),"Тема урока") -> Тема урока | IZ2: =IFERROR(__xludf.DUMMYFUNCTION("""COMPUTED_VALUE"""),"Домашнее задание") -> Домашнее задание | JA2: =IFERROR(__xludf.DUMMYFUNCTION("""COMPUTED_VALUE"""),"Дата") -> Дата
A3: Русский язык | B3: =IFERROR(__xludf.DUMMYFUNCTION("VLOOKUP($A$1,IMPORTRANGE($A$2, CONCATENATE($A3,""!$B$5:$JB$48"")),B$1,0)"),"") | C3: =IFERROR(__xludf.DUMMYFUNCTION("VLOOKUP($A$1,IMPORTRANGE($A$2, CONCATENATE($A3,""!$B$5:$JB$48"")),C$1,0)"),5.0) -> 5 | D3: =IFERROR(__xludf.DUMMYFUNCTION("VLOOKUP($A$1,IMPORTRANGE($A$2, CONCATENATE($A3,""!$B$5:$JB$48"")),D$1,0)"),"") | E3: =IFERROR(__xludf.DUMMYFUNCTION("VLOOKUP($A$1,IMPORTRANGE($A$2, CONCATENATE($A3,""!$B$5:$JB$48"")),E$1,0)"),"") | F3: =IFERROR(__xludf.DUMMYFUNCTION("VLOOKUP($A$1,IMPORTRANGE($A$2, CONCATENATE($A3,""!$B$5:$JB$48"")),F$1,0)"),"") | G3: =IFERROR(__xludf.DUMMYFUNCTION("VLOOKUP($A$1,IMPORTRANGE($A$2, CONCATENATE($A3,""!$B$5:$JB$48"")),G$1,0)"),"") | H3: =IFERROR(__xludf.DUMMYFUNCTION("VLOOKUP($A$1,IMPORTRANGE($A$2, CONCATENATE($A3,""!$B$5:$JB$48"")),H$1,0)"),"") | I3: =IFERROR(__xludf.DUMMYFUNCTION("VLOOKUP($A$1,IMPORTRANGE($A$2, CONCATENATE($A3,""!$B$5:$JB$48"")),I$1,0)"),4.0) -> 4 | J3: =IFERROR(__xludf.DUMMYFUNCTION("VLOOKUP($A$1,IMPORTRANGE($A$2, CONCATENATE($A3,""!$B$5:$JB$48"")),J$1,0)"),3.0) -> 3 | K3: =IFERROR(__xludf.DUMMYFUNCTION("VLOOKUP($A$1,IMPORTRANGE($A$2, CONCATENATE($A3,""!$B$5:$JB$48"")),K$1,0)"),"") | L3: =IFERROR(__xludf.DUMMYFUNCTION("VLOOKUP($A$1,IMPORTRANGE($A$2, CONCATENATE($A3,""!$B$5:$JB$48"")),L$1,0)"),"") | M3: =IFERROR(__xludf.DUMMYFUNCTION("VLOOKUP($A$1,IMPORTRANGE($A$2, CONCATENATE($A3,""!$B$5:$JB$48"")),M$1,0)"),"") | N3: =IFERROR(__xludf.DUMMYFUNCTION("VLOOKUP($A$1,IMPORTRANGE($A$2, CONCATENATE($A3,""!$B$5:$JB$48"")),N$1,0)"),"") | O3: =IFERROR(__xludf.DUMMYFUNCTION("VLOOKUP($A$1,IMPORTRANGE($A$2, CONCATENATE($A3,""!$B$5:$JB$48"")),O$1,0)"),"") | P3: =IFERROR(__xludf.DUMMYFUNCTION("VLOOKUP($A$1,IMPORTRANGE($A$2, CONCATENATE($A3,""!$B$5:$JB$48"")),P$1,0)"),"") | Q3: =IFERROR(__xludf.DUMMYFUNCTION("VLOOKUP($A$1,IMPORTRANGE($A$2, CONCATENATE($A3,""!$B$5:$JB$48"")),Q$1,0)"),"") | R3: =IFERROR(__xludf.DUMMYFUNCTION("VLOOKUP($A$1,IMPORTRANGE($A$2, CONCATENATE($A3,""!$B$5:$JB$48"")),R$1,0)"),5.0) -> 5 | S3: =IFERROR(__xludf.DUMMYFUNCTION("VLOOKUP($A$1,IMPORTRANGE($A$2, CONCATENATE($A3,""!$B$5:$JB$48"")),S$1,0)"),2.0) -> 2 | T3: =IFERROR(__xludf.DUMMYFUNCTION("VLOOKUP($A$1,IMPORTRANGE($A$2, CONCATENATE($A3,""!$B$5:$JB$48"")),T$1,0)"),"") | U3: =IFERROR(__xludf.DUMMYFUNCTION("VLOOKUP($A$1,IMPORTRANGE($A$2, CONCATENATE($A3,""!$B$5:$JB$48"")),U$1,0)"),"") | V3: =IFERROR(__xludf.DUMMYFUNCTION("VLOOKUP($A$1,IMPORTRANGE($A$2, CONCATENATE($A3,""!$B$5:$JB$48"")),V$1,0)"),"") | W3: =IFERROR(__xludf.DUMMYFUNCTION("VLOOKUP($A$1,IMPORTRANGE($A$2, CONCATENATE($A3,""!$B$5:$JB$48"")),W$1,0)"),"") | X3: =IFERROR(__xludf.DUMMYFUNCTION("VLOOKUP($A$1,IMPORTRANGE($A$2, CONCATENATE($A3,""!$B$5:$JB$48"")),X$1,0)"),5.0) -> 5 | Y3: =IFERROR(__xludf.DUMMYFUNCTION("VLOOKUP($A$1,IMPORTRANGE($A$2, CONCATENATE($A3,""!$B$5:$JB$48"")),Y$1,0)"),"") | Z3: =IFERROR(__xludf.DUMMYFUNCTION("VLOOKUP($A$1,IMPORTRANGE($A$2, CONCATENATE($A3,""!$B$5:$JB$48"")),Z$1,0)"),"") | AA3: =IFERROR(__xludf.DUMMYFUNCTION("VLOOKUP($A$1,IMPORTRANGE($A$2, CONCATENATE($A3,""!$B$5:$JB$48"")),AA$1,0)"),"") | AB3: =IFERROR(__xludf.DUMMYFUNCTION("VLOOKUP($A$1,IMPORTRANGE($A$2, CONCATENATE($A3,""!$B$5:$JB$48"")),AB$1,0)"),"") | AC3: =IFERROR(__xludf.DUMMYFUNCTION("VLOOKUP($A$1,IMPORTRANGE($A$2, CONCATENATE($A3,""!$B$5:$JB$48"")),AC$1,0)"),"") | AD3: =IFERROR(__xludf.DUMMYFUNCTION("VLOOKUP($A$1,IMPORTRANGE($A$2, CONCATENATE($A3,""!$B$5:$JB$48"")),AD$1,0)"),"") | AE3: =IFERROR(__xludf.DUMMYFUNCTION("VLOOKUP($A$1,IMPORTRANGE($A$2, CONCATENATE($A3,""!$B$5:$JB$48"")),AE$1,0)"),"") | AF3: =IFERROR(__xludf.DUMMYFUNCTION("VLOOKUP($A$1,IMPORTRANGE($A$2, CONCATENATE($A3,""!$B$5:$JB$48"")),AF$1,0)"),"") | AG3: =IFERROR(__xludf.DUMMYFUNCTION("VLOOKUP($A$1,IMPORTRANGE($A$2, CONCATENATE($A3,""!$B$5:$JB$48"")),AG$1,0)"),"") | AH3: =IFERROR(__xludf.DUMMYFUNCTION("VLOOKUP($A$1,IMPORTRANGE($A$2, CONCATENATE($A3,""!$B$5:$JB$48"")),AH$1,0)"),"") | AI3: =IFERROR(__xludf.DUMMYFUNCTION("VLOOKUP($A$1,IMPORTRANGE($A$2, CONCATENATE($A3,""!$B$5:$JB$48"")),AI$1,0)"),"") | AJ3: =IFERROR(__xludf.DUMMYFUNCTION("VLOOKUP($A$1,IMPORTRANGE($A$2, CONCATENATE($A3,""!$B$5:$JB$48"")),AJ$1,0)"),"") | AK3: =IFERROR(__xludf.DUMMYFUNCTION("VLOOKUP($A$1,IMPORTRANGE($A$2, CONCATENATE($A3,""!$B$5:$JB$48"")),AK$1,0)"),"") | AL3: =IFERROR(__xludf.DUMMYFUNCTION("VLOOKUP($A$1,IMPORTRANGE($A$2, CONCATENATE($A3,""!$B$5:$JB$48"")),AL$1,0)"),"") | AM3: =IFERROR(__xludf.DUMMYFUNCTION("VLOOKUP($A$1,IMPORTRANGE($A$2, CONCATENATE($A3,""!$B$5:$JB$48"")),AM$1,0)"),"") | AN3: =IFERROR(__xludf.DUMMYFUNCTION("VLOOKUP($A$1,IMPORTRANGE($A$2, CONCATENATE($A3,""!$B$5:$JB$48"")),AN$1,0)"),"") | AO3: =IFERROR(__xludf.DUMMYFUNCTION("VLOOKUP($A$1,IMPORTRANGE($A$2, CONCATENATE($A3,""!$B$5:$JB$48"")),AO$1,0)"),"") | AP3: =IFERROR(__xludf.DUMMYFUNCTION("VLOOKUP($A$1,IMPORTRANGE($A$2, CONCATENATE($A3,""!$B$5:$JB$48"")),AP$1,0)"),"") | AQ3: =IFERROR(__xludf.DUMMYFUNCTION("VLOOKUP($A$1,IMPORTRANGE($A$2, CONCATENATE($A3,""!$B$5:$JB$48"")),AQ$1,0)"),"") | AR3: =IFERROR(__xludf.DUMMYFUNCTION("VLOOKUP($A$1,IMPORTRANGE($A$2, CONCATENATE($A3,""!$B$5:$JB$48"")),AR$1,0)"),"") | AS3: =IFERROR(__xludf.DUMMYFUNCTION("VLOOKUP($A$1,IMPORTRANGE($A$2, CONCATENATE($A3,""!$B$5:$JB$48"")),AS$1,0)"),"") | AT3: =IFERROR(__xludf.DUMMYFUNCTION("VLOOKUP($A$1,IMPORTRANGE($A$2, CONCATENATE($A3,""!$B$5:$JB$48"")),AT$1,0)"),"") | AU3: =IFERROR(__xludf.DUMMYFUNCTION("VLOOKUP($A$1,IMPORTRANGE($A$2, CONCATENATE($A3,""!$B$5:$JB$48"")),AU$1,0)"),"") | AV3: =IFERROR(__xludf.DUMMYFUNCTION("VLOOKUP($A$1,IMPORTRANGE($A$2, CONCATENATE($A3,""!$B$5:$JB$48"")),AV$1,0)"),"") | AW3: =IFERROR(__xludf.DUMMYFUNCTION("VLOOKUP($A$1,IMPORTRANGE($A$2, CONCATENATE($A3,""!$B$5:$JB$48"")),AW$1,0)"),"") | AX3: =IFERROR(__xludf.DUMMYFUNCTION("VLOOKUP($A$1,IMPORTRANGE($A$2, CONCATENATE($A3,""!$B$5:$JB$48"")),AX$1,0)"),"") | AY3: =IFERROR(__xludf.DUMMYFUNCTION("VLOOKUP($A$1,IMPORTRANGE($A$2, CONCATENATE($A3,""!$B$5:$JB$48"")),AY$1,0)"),"") | AZ3: =IFERROR(__xludf.DUMMYFUNCTION("VLOOKUP($A$1,IMPORTRANGE($A$2, CONCATENATE($A3,""!$B$5:$JB$48"")),AZ$1,0)"),"") | BA3: =IFERROR(__xludf.DUMMYFUNCTION("VLOOKUP($A$1,IMPORTRANGE($A$2, CONCATENATE($A3,""!$B$5:$JB$48"")),BA$1,0)"),"") | BB3: =IFERROR(__xludf.DUMMYFUNCTION("VLOOKUP($A$1,IMPORTRANGE($A$2, CONCATENATE($A3,""!$B$5:$JB$48"")),BB$1,0)"),"") | BC3: =IFERROR(__xludf.DUMMYFUNCTION("VLOOKUP($A$1,IMPORTRANGE($A$2, CONCATENATE($A3,""!$B$5:$JB$48"")),BC$1,0)"),"") | BD3: =IFERROR(__xludf.DUMMYFUNCTION("VLOOKUP($A$1,IMPORTRANGE($A$2, CONCATENATE($A3,""!$B$5:$JB$48"")),BD$1,0)"),"") | BE3: =IFERROR(__xludf.DUMMYFUNCTION("VLOOKUP($A$1,IMPORTRANGE($A$2, CONCATENATE($A3,""!$B$5:$JB$48"")),BE$1,0)"),"") | BF3: =IFERROR(__xludf.DUMMYFUNCTION("VLOOKUP($A$1,IMPORTRANGE($A$2, CONCATENATE($A3,""!$B$5:$JB$48"")),BF$1,0)"),"") | BG3: =IFERROR(__xludf.DUMMYFUNCTION("VLOOKUP($A$1,IMPORTRANGE($A$2, CONCATENATE($A3,""!$B$5:$JB$48"")),BG$1,0)"),"") | BH3: =IFERROR(__xludf.DUMMYFUNCTION("VLOOKUP($A$1,IMPORTRANGE($A$2, CONCATENATE($A3,""!$B$5:$JB$48"")),BH$1,0)"),"") | BI3: =IFERROR(__xludf.DUMMYFUNCTION("VLOOKUP($A$1,IMPORTRANGE($A$2, CONCATENATE($A3,""!$B$5:$JB$48"")),BI$1,0)"),"") | BJ3: =IFERROR(__xludf.DUMMYFUNCTION("VLOOKUP($A$1,IMPORTRANGE($A$2, CONCATENATE($A3,""!$B$5:$JB$48"")),BJ$1,0)"),"") | BK3: =IFERROR(__xludf.DUMMYFUNCTION("VLOOKUP($A$1,IMPORTRANGE($A$2, CONCATENATE($A3,""!$B$5:$JB$48"")),BK$1,0)"),"") | BL3: =IFERROR(__xludf.DUMMYFUNCTION("VLOOKUP($A$1,IMPORTRANGE($A$2, CONCATENATE($A3,""!$B$5:$JB$48"")),BL$1,0)"),"") | BM3: =IFERROR(__xludf.DUMMYFUNCTION("VLOOKUP($A$1,IMPORTRANGE($A$2, CONCATENATE($A3,""!$B$5:$JB$48"")),BM$1,0)"),4.0) -> 4 | BN3: =IFERROR(__xludf.DUMMYFUNCTION("VLOOKUP($A$1,IMPORTRANGE($A$2, CONCATENATE($A3,""!$B$5:$JB$48"")),BN$1,0)"),"") | BO3: =IFERROR(__xludf.DUMMYFUNCTION("VLOOKUP($A$1,IMPORTRANGE($A$2, CONCATENATE($A3,""!$B$5:$JB$48"")),BO$1,0)"),"") | BP3: =IFERROR(__xludf.DUMMYFUNCTION("VLOOKUP($A$1,IMPORTRANGE($A$2, CONCATENATE($A3,""!$B$5:$JB$48"")),BP$1,0)"),"") | BQ3: =IFERROR(__xludf.DUMMYFUNCTION("VLOOKUP($A$1,IMPORTRANGE($A$2, CONCATENATE($A3,""!$B$5:$JB$48"")),BQ$1,0)"),4.0) -> 4 | BR3: =IFERROR(__xludf.DUMMYFUNCTION("VLOOKUP($A$1,IMPORTRANGE($A$2, CONCATENATE($A3,""!$B$5:$JB$48"")),BR$1,0)"),"") | BS3: =IFERROR(__xludf.DUMMYFUNCTION("VLOOKUP($A$1,IMPORTRANGE($A$2, CONCATENATE($A3,""!$B$5:$JB$48"")),BS$1,0)"),"") | BT3: =IFERROR(__xludf.DUMMYFUNCTION("VLOOKUP($A$1,IMPORTRANGE($A$2, CONCATENATE($A3,""!$B$5:$JB$48"")),BT$1,0)"),"") | BU3: =IFERROR(__xludf.DUMMYFUNCTION("VLOOKUP($A$1,IMPORTRANGE($A$2, CONCATENATE($A3,""!$B$5:$JB$48"")),BU$1,0)"),"") | BV3: =IFERROR(__xludf.DUMMYFUNCTION("VLOOKUP($A$1,IMPORTRANGE($A$2, CONCATENATE($A3,""!$B$5:$JB$48"")),BV$1,0)"),3.0) -> 3 | BW3: =IFERROR(__xludf.DUMMYFUNCTION("VLOOKUP($A$1,IMPORTRANGE($A$2, CONCATENATE($A3,""!$B$5:$JB$48"")),BW$1,0)"),5.0) -> 5 | BX3: =IFERROR(__xludf.DUMMYFUNCTION("VLOOKUP($A$1,IMPORTRANGE($A$2, CONCATENATE($A3,""!$B$5:$JB$48"")),BX$1,0)"),"") | BY3: =IFERROR(__xludf.DUMMYFUNCTION("VLOOKUP($A$1,IMPORTRANGE($A$2, CONCATENATE($A3,""!$B$5:$JB$48"")),BY$1,0)"),"") | BZ3: =IFERROR(__xludf.DUMMYFUNCTION("VLOOKUP($A$1,IMPORTRANGE($A$2, CONCATENATE($A3,""!$B$5:$JB$48"")),BZ$1,0)"),"") | CA3: =IFERROR(__xludf.DUMMYFUNCTION("VLOOKUP($A$1,IMPORTRANGE($A$2, CONCATENATE($A3,""!$B$5:$JB$48"")),CA$1,0)"),"") | CB3: =IFERROR(__xludf.DUMMYFUNCTION("VLOOKUP($A$1,IMPORTRANGE($A$2, CONCATENATE($A3,""!$B$5:$JB$48"")),CB$1,0)"),5.0) -> 5 | CC3: =IFERROR(__xludf.DUMMYFUNCTION("VLOOKUP($A$1,IMPORTRANGE($A$2, CONCATENATE($A3,""!$B$5:$JB$48"")),CC$1,0)"),"") | CD3: =IFERROR(__xludf.DUMMYFUNCTION("VLOOKUP($A$1,IMPORTRANGE($A$2, CONCATENATE($A3,""!$B$5:$JB$48"")),CD$1,0)"),"") | CE3: =IFERROR(__xludf.DUMMYFUNCTION("VLOOKUP($A$1,IMPORTRANGE($A$2, CONCATENATE($A3,""!$B$5:$JB$48"")),CE$1,0)"),"") | CF3: =IFERROR(__xludf.DUMMYFUNCTION("VLOOKUP($A$1,IMPORTRANGE($A$2, CONCATENATE($A3,""!$B$5:$JB$48"")),CF$1,0)"),"") | CG3: =IFERROR(__xludf.DUMMYFUNCTION("VLOOKUP($A$1,IMPORTRANGE($A$2, CONCATENATE($A3,""!$B$5:$JB$48"")),CG$1,0)"),"") | CH3: =IFERROR(__xludf.DUMMYFUNCTION("VLOOKUP($A$1,IMPORTRANGE($A$2, CONCATENATE($A3,""!$B$5:$JB$48"")),CH$1,0)"),"") | CI3: =IFERROR(__xludf.DUMMYFUNCTION("VLOOKUP($A$1,IMPORTRANGE($A$2, CONCATENATE($A3,""!$B$5:$JB$48"")),CI$1,0)"),"") | CJ3: =IFERROR(__xludf.DUMMYFUNCTION("VLOOKUP($A$1,IMPORTRANGE($A$2, CONCATENATE($A3,""!$B$5:$JB$48"")),CJ$1,0)"),"") | CK3: =IFERROR(__xludf.DUMMYFUNCTION("VLOOKUP($A$1,IMPORTRANGE($A$2, CONCATENATE($A3,""!$B$5:$JB$48"")),CK$1,0)"),"") | CL3: =IFERROR(__xludf.DUMMYFUNCTION("VLOOKUP($A$1,IMPORTRANGE($A$2, CONCATENATE($A3,""!$B$5:$JB$48"")),CL$1,0)"),"") | CM3: =IFERROR(__xludf.DUMMYFUNCTION("VLOOKUP($A$1,IMPORTRANGE($A$2, CONCATENATE($A3,""!$B$5:$JB$48"")),CM$1,0)"),"") | CN3: =IFERROR(__xludf.DUMMYFUNCTION("VLOOKUP($A$1,IMPORTRANGE($A$2, CONCATENATE($A3,""!$B$5:$JB$48"")),CN$1,0)"),"") | CO3: =IFERROR(__xludf.DUMMYFUNCTION("VLOOKUP($A$1,IMPORTRANGE($A$2, CONCATENATE($A3,""!$B$5:$JB$48"")),CO$1,0)"),"") | CP3: =IFERROR(__xludf.DUMMYFUNCTION("VLOOKUP($A$1,IMPORTRANGE($A$2, CONCATENATE($A3,""!$B$5:$JB$48"")),CP$1,0)"),"") | CQ3: =IFERROR(__xludf.DUMMYFUNCTION("VLOOKUP($A$1,IMPORTRANGE($A$2, CONCATENATE($A3,""!$B$5:$JB$48"")),CQ$1,0)"),"") | CR3: =IFERROR(__xludf.DUMMYFUNCTION("VLOOKUP($A$1,IMPORTRANGE($A$2, CONCATENATE($A3,""!$B$5:$JB$48"")),CR$1,0)"),"") | CS3: =IFERROR(__xludf.DUMMYFUNCTION("VLOOKUP($A$1,IMPORTRANGE($A$2, CONCATENATE($A3,""!$B$5:$JB$48"")),CS$1,0)"),"") | CT3: =IFERROR(__xludf.DUMMYFUNCTION("VLOOKUP($A$1,IMPORTRANGE($A$2, CONCATENATE($A3,""!$B$5:$JB$48"")),CT$1,0)"),"") | CU3: =IFERROR(__xludf.DUMMYFUNCTION("VLOOKUP($A$1,IMPORTRANGE($A$2, CONCATENATE($A3,""!$B$5:$JB$48"")),CU$1,0)"),"") | CV3: =IFERROR(__xludf.DUMMYFUNCTION("VLOOKUP($A$1,IMPORTRANGE($A$2, CONCATENATE($A3,""!$B$5:$JB$48"")),CV$1,0)"),"") | CW3: =IFERROR(__xludf.DUMMYFUNCTION("VLOOKUP($A$1,IMPORTRANGE($A$2, CONCATENATE($A3,""!$B$5:$JB$48"")),CW$1,0)"),"") | CX3: =IFERROR(__xludf.DUMMYFUNCTION("VLOOKUP($A$1,IMPORTRANGE($A$2, CONCATENATE($A3,""!$B$5:$JB$48"")),CX$1,0)"),"") | CY3: =IFERROR(__xludf.DUMMYFUNCTION("VLOOKUP($A$1,IMPORTRANGE($A$2, CONCATENATE($A3,""!$B$5:$JB$48"")),CY$1,0)"),"") | CZ3: =IFERROR(__xludf.DUMMYFUNCTION("VLOOKUP($A$1,IMPORTRANGE($A$2, CONCATENATE($A3,""!$B$5:$JB$48"")),CZ$1,0)"),"") | DA3: =IFERROR(__xludf.DUMMYFUNCTION("VLOOKUP($A$1,IMPORTRANGE($A$2, CONCATENATE($A3,""!$B$5:$JB$48"")),DA$1,0)"),"") | DB3: =IFERROR(__xludf.DUMMYFUNCTION("VLOOKUP($A$1,IMPORTRANGE($A$2, CONCATENATE($A3,""!$B$5:$JB$48"")),DB$1,0)"),"") | DC3: =IFERROR(__xludf.DUMMYFUNCTION("VLOOKUP($A$1,IMPORTRANGE($A$2, CONCATENATE($A3,""!$B$5:$JB$48"")),DC$1,0)"),"") | DD3: =IFERROR(__xludf.DUMMYFUNCTION("VLOOKUP($A$1,IMPORTRANGE($A$2, CONCATENATE($A3,""!$B$5:$JB$48"")),DD$1,0)"),"") | DE3: =IFERROR(__xludf.DUMMYFUNCTION("VLOOKUP($A$1,IMPORTRANGE($A$2, CONCATENATE($A3,""!$B$5:$JB$48"")),DE$1,0)"),"") | DF3: =IFERROR(__xludf.DUMMYFUNCTION("VLOOKUP($A$1,IMPORTRANGE($A$2, CONCATENATE($A3,""!$B$5:$JB$48"")),DF$1,0)"),"") | DG3: =IFERROR(__xludf.DUMMYFUNCTION("VLOOKUP($A$1,IMPORTRANGE($A$2, CONCATENATE($A3,""!$B$5:$JB$48"")),DG$1,0)"),"") | DH3: =IFERROR(__xludf.DUMMYFUNCTION("VLOOKUP($A$1,IMPORTRANGE($A$2, CONCATENATE($A3,""!$B$5:$JB$48"")),DH$1,0)"),"") | DI3: =IFERROR(__xludf.DUMMYFUNCTION("VLOOKUP($A$1,IMPORTRANGE($A$2, CONCATENATE($A3,""!$B$5:$JB$48"")),DI$1,0)"),"") | DJ3: =IFERROR(__xludf.DUMMYFUNCTION("VLOOKUP($A$1,IMPORTRANGE($A$2, CONCATENATE($A3,""!$B$5:$JB$48"")),DJ$1,0)"),"") | DK3: =IFERROR(__xludf.DUMMYFUNCTION("VLOOKUP($A$1,IMPORTRANGE($A$2, CONCATENATE($A3,""!$B$5:$JB$48"")),DK$1,0)"),"") | DL3: =IFERROR(__xludf.DUMMYFUNCTION("VLOOKUP($A$1,IMPORTRANGE($A$2, CONCATENATE($A3,""!$B$5:$JB$48"")),DL$1,0)"),"") | DM3: =IFERROR(__xludf.DUMMYFUNCTION("VLOOKUP($A$1,IMPORTRANGE($A$2, CONCATENATE($A3,""!$B$5:$JB$48"")),DM$1,0)"),"") | DN3: =IFERROR(__xludf.DUMMYFUNCTION("VLOOKUP($A$1,IMPORTRANGE($A$2, CONCATENATE($A3,""!$B$5:$JB$48"")),DN$1,0)"),"") | DO3: =IFERROR(__xludf.DUMMYFUNCTION("VLOOKUP($A$1,IMPORTRANGE($A$2, CONCATENATE($A3,""!$B$5:$JB$48"")),DO$1,0)"),"") | DP3: =IFERROR(__xludf.DUMMYFUNCTION("VLOOKUP($A$1,IMPORTRANGE($A$2, CONCATENATE($A3,""!$B$5:$JB$48"")),DP$1,0)"),"") | DQ3: =IFERROR(__xludf.DUMMYFUNCTION("VLOOKUP($A$1,IMPORTRANGE($A$2, CONCATENATE($A3,""!$B$5:$JB$48"")),DQ$1,0)"),"") | DR3: =IFERROR(__xludf.DUMMYFUNCTION("VLOOKUP($A$1,IMPORTRANGE($A$2, CONCATENATE($A3,""!$B$5:$JB$48"")),DR$1,0)"),4.0) -> 4 | DS3: =IFERROR(__xludf.DUMMYFUNCTION("VLOOKUP($A$1,IMPORTRANGE($A$2, CONCATENATE($A3,""!$B$5:$JB$48"")),DS$1,0)"),"") | DT3: =IFERROR(__xludf.DUMMYFUNCTION("VLOOKUP($A$1,IMPORTRANGE($A$2, CONCATENATE($A3,""!$B$5:$JB$48"")),DT$1,0)"),5.0) -> 5 | DU3: =IFERROR(__xludf.DUMMYFUNCTION("VLOOKUP($A$1,IMPORTRANGE($A$2, CONCATENATE($A3,""!$B$5:$JB$48"")),DU$1,0)"),"") | DV3: =IFERROR(__xludf.DUMMYFUNCTION("VLOOKUP($A$1,IMPORTRANGE($A$2, CONCATENATE($A3,""!$B$5:$JB$48"")),DV$1,0)"),"") | DW3: =IFERROR(__xludf.DUMMYFUNCTION("VLOOKUP($A$1,IMPORTRANGE($A$2, CONCATENATE($A3,""!$B$5:$JB$48"")),DW$1,0)"),"") | DX3: =IFERROR(__xludf.DUMMYFUNCTION("VLOOKUP($A$1,IMPORTRANGE($A$2, CONCATENATE($A3,""!$B$5:$JB$48"")),DX$1,0)"),"") | DY3: =IFERROR(__xludf.DUMMYFUNCTION("VLOOKUP($A$1,IMPORTRANGE($A$2, CONCATENATE($A3,""!$B$5:$JB$48"")),DY$1,0)"),"") | DZ3: =IFERROR(__xludf.DUMMYFUNCTION("VLOOKUP($A$1,IMPORTRANGE($A$2, CONCATENATE($A3,""!$B$5:$JB$48"")),DZ$1,0)"),4.0) -> 4 | EA3: =IFERROR(__xludf.DUMMYFUNCTION("VLOOKUP($A$1,IMPORTRANGE($A$2, CONCATENATE($A3,""!$B$5:$JB$48"")),EA$1,0)"),"") | EB3: =IFERROR(__xludf.DUMMYFUNCTION("VLOOKUP($A$1,IMPORTRANGE($A$2, CONCATENATE($A3,""!$B$5:$JB$48"")),EB$1,0)"),3.0) -> 3 | EC3: =IFERROR(__xludf.DUMMYFUNCTION("VLOOKUP($A$1,IMPORTRANGE($A$2, CONCATENATE($A3,""!$B$5:$JB$48"")),EC$1,0)"),"") | ED3: =IFERROR(__xludf.DUMMYFUNCTION("VLOOKUP($A$1,IMPORTRANGE($A$2, CONCATENATE($A3,""!$B$5:$JB$48"")),ED$1,0)"),"") | EE3: =IFERROR(__xludf.DUMMYFUNCTION("VLOOKUP($A$1,IMPORTRANGE($A$2, CONCATENATE($A3,""!$B$5:$JB$48"")),EE$1,0)"),"") | EF3: =IFERROR(__xludf.DUMMYFUNCTION("VLOOKUP($A$1,IMPORTRANGE($A$2, CONCATENATE($A3,""!$B$5:$JB$48"")),EF$1,0)"),"") | EG3: =IFERROR(__xludf.DUMMYFUNCTION("VLOOKUP($A$1,IMPORTRANGE($A$2, CONCATENATE($A3,""!$B$5:$JB$48"")),EG$1,0)"),4.0) -> 4 | EH3: =IFERROR(__xludf.DUMMYFUNCTION("VLOOKUP($A$1,IMPORTRANGE($A$2, CONCATENATE($A3,""!$B$5:$JB$48"")),EH$1,0)"),"") | EI3: =IFERROR(__xludf.DUMMYFUNCTION("VLOOKUP($A$1,IMPORTRANGE($A$2, CONCATENATE($A3,""!$B$5:$JB$48"")),EI$1,0)"),5.0) -> 5 | EJ3: =IFERROR(__xludf.DUMMYFUNCTION("VLOOKUP($A$1,IMPORTRANGE($A$2, CONCATENATE($A3,""!$B$5:$JB$48"")),EJ$1,0)"),"") | EK3: =IFERROR(__xludf.DUMMYFUNCTION("VLOOKUP($A$1,IMPORTRANGE($A$2, CONCATENATE($A3,""!$B$5:$JB$48"")),EK$1,0)"),"") | EL3: =IFERROR(__xludf.DUMMYFUNCTION("VLOOKUP($A$1,IMPORTRANGE($A$2, CONCATENATE($A3,""!$B$5:$JB$48"")),EL$1,0)"),"") | EM3: =IFERROR(__xludf.DUMMYFUNCTION("VLOOKUP($A$1,IMPORTRANGE($A$2, CONCATENATE($A3,""!$B$5:$JB$48"")),EM$1,0)"),"") | EN3: =IFERROR(__xludf.DUMMYFUNCTION("VLOOKUP($A$1,IMPORTRANGE($A$2, CONCATENATE($A3,""!$B$5:$JB$48"")),EN$1,0)"),5.0) -> 5 | EO3: =IFERROR(__xludf.DUMMYFUNCTION("VLOOKUP($A$1,IMPORTRANGE($A$2, CONCATENATE($A3,""!$B$5:$JB$48"")),EO$1,0)"),4.0) -> 4 | EP3: =IFERROR(__xludf.DUMMYFUNCTION("VLOOKUP($A$1,IMPORTRANGE($A$2, CONCATENATE($A3,""!$B$5:$JB$48"")),EP$1,0)"),"") | EQ3: =IFERROR(__xludf.DUMMYFUNCTION("VLOOKUP($A$1,IMPORTRANGE($A$2, CONCATENATE($A3,""!$B$5:$JB$48"")),EQ$1,0)"),"") | ER3: =IFERROR(__xludf.DUMMYFUNCTION("VLOOKUP($A$1,IMPORTRANGE($A$2, CONCATENATE($A3,""!$B$5:$JB$48"")),ER$1,0)"),"") | ES3: =IFERROR(__xludf.DUMMYFUNCTION("VLOOKUP($A$1,IMPORTRANGE($A$2, CONCATENATE($A3,""!$B$5:$JB$48"")),ES$1,0)"),"") | ET3: =IFERROR(__xludf.DUMMYFUNCTION("VLOOKUP($A$1,IMPORTRANGE($A$2, CONCATENATE($A3,""!$B$5:$JB$48"")),ET$1,0)"),"") | EU3: =IFERROR(__xludf.DUMMYFUNCTION("VLOOKUP($A$1,IMPORTRANGE($A$2, CONCATENATE($A3,""!$B$5:$JB$48"")),EU$1,0)"),"") | EV3: =IFERROR(__xludf.DUMMYFUNCTION("VLOOKUP($A$1,IMPORTRANGE($A$2, CONCATENATE($A3,""!$B$5:$JB$48"")),EV$1,0)"),"") | EW3: =IFERROR(__xludf.DUMMYFUNCTION("VLOOKUP($A$1,IMPORTRANGE($A$2, CONCATENATE($A3,""!$B$5:$JB$48"")),EW$1,0)"),"") | EX3: =IFERROR(__xludf.DUMMYFUNCTION("VLOOKUP($A$1,IMPORTRANGE($A$2, CONCATENATE($A3,""!$B$5:$JB$48"")),EX$1,0)"),"") | EY3: =IFERROR(__xludf.DUMMYFUNCTION("VLOOKUP($A$1,IMPORTRANGE($A$2, CONCATENATE($A3,""!$B$5:$JB$48"")),EY$1,0)"),"") | EZ3: =IFERROR(__xludf.DUMMYFUNCTION("VLOOKUP($A$1,IMPORTRANGE($A$2, CONCATENATE($A3,""!$B$5:$JB$48"")),EZ$1,0)"),"") | FA3: =IFERROR(__xludf.DUMMYFUNCTION("VLOOKUP($A$1,IMPORTRANGE($A$2, CONCATENATE($A3,""!$B$5:$JB$48"")),FA$1,0)"),"") | FB3: =IFERROR(__xludf.DUMMYFUNCTION("VLOOKUP($A$1,IMPORTRANGE($A$2, CONCATENATE($A3,""!$B$5:$JB$48"")),FB$1,0)"),"") | FC3: =IFERROR(__xludf.DUMMYFUNCTION("VLOOKUP($A$1,IMPORTRANGE($A$2, CONCATENATE($A3,""!$B$5:$JB$48"")),FC$1,0)"),"") | FD3: =IFERROR(__xludf.DUMMYFUNCTION("VLOOKUP($A$1,IMPORTRANGE($A$2, CONCATENATE($A3,""!$B$5:$JB$48"")),FD$1,0)"),"") | FE3: =IFERROR(__xludf.DUMMYFUNCTION("VLOOKUP($A$1,IMPORTRANGE($A$2, CONCATENATE($A3,""!$B$5:$JB$48"")),FE$1,0)"),"") | FF3: =IFERROR(__xludf.DUMMYFUNCTION("VLOOKUP($A$1,IMPORTRANGE($A$2, CONCATENATE($A3,""!$B$5:$JB$48"")),FF$1,0)"),"") | FG3: =IFERROR(__xludf.DUMMYFUNCTION("VLOOKUP($A$1,IMPORTRANGE($A$2, CONCATENATE($A3,""!$B$5:$JB$48"")),FG$1,0)"),"") | FH3: =IFERROR(__xludf.DUMMYFUNCTION("VLOOKUP($A$1,IMPORTRANGE($A$2, CONCATENATE($A3,""!$B$5:$JB$48"")),FH$1,0)"),"") | FI3: =IFERROR(__xludf.DUMMYFUNCTION("VLOOKUP($A$1,IMPORTRANGE($A$2, CONCATENATE($A3,""!$B$5:$JB$48"")),FI$1,0)"),"") | FJ3: =IFERROR(__xludf.DUMMYFUNCTION("VLOOKUP($A$1,IMPORTRANGE($A$2, CONCATENATE($A3,""!$B$5:$JB$48"")),FJ$1,0)"),"") | FK3: =IFERROR(__xludf.DUMMYFUNCTION("VLOOKUP($A$1,IMPORTRANGE($A$2, CONCATENATE($A3,""!$B$5:$JB$48"")),FK$1,0)"),"") | FL3: =IFERROR(__xludf.DUMMYFUNCTION("VLOOKUP($A$1,IMPORTRANGE($A$2, CONCATENATE($A3,""!$B$5:$JB$48"")),FL$1,0)"),"") | FM3: =IFERROR(__xludf.DUMMYFUNCTION("VLOOKUP($A$1,IMPORTRANGE($A$2, CONCATENATE($A3,""!$B$5:$JB$48"")),FM$1,0)"),"") | FN3: =IFERROR(__xludf.DUMMYFUNCTION("VLOOKUP($A$1,IMPORTRANGE($A$2, CONCATENATE($A3,""!$B$5:$JB$48"")),FN$1,0)"),"") | FO3: =IFERROR(__xludf.DUMMYFUNCTION("VLOOKUP($A$1,IMPORTRANGE($A$2, CONCATENATE($A3,""!$B$5:$JB$48"")),FO$1,0)"),"") | FP3: =IFERROR(__xludf.DUMMYFUNCTION("VLOOKUP($A$1,IMPORTRANGE($A$2, CONCATENATE($A3,""!$B$5:$JB$48"")),FP$1,0)"),"") | FQ3: =IFERROR(__xludf.DUMMYFUNCTION("VLOOKUP($A$1,IMPORTRANGE($A$2, CONCATENATE($A3,""!$B$5:$JB$48"")),FQ$1,0)"),"") | FR3: =IFERROR(__xludf.DUMMYFUNCTION("VLOOKUP($A$1,IMPORTRANGE($A$2, CONCATENATE($A3,""!$B$5:$JB$48"")),FR$1,0)"),"") | FS3: =IFERROR(__xludf.DUMMYFUNCTION("VLOOKUP($A$1,IMPORTRANGE($A$2, CONCATENATE($A3,""!$B$5:$JB$48"")),FS$1,0)"),"") | FT3: =IFERROR(__xludf.DUMMYFUNCTION("VLOOKUP($A$1,IMPORTRANGE($A$2, CONCATENATE($A3,""!$B$5:$JB$48"")),FT$1,0)"),"") | FU3: =IFERROR(__xludf.DUMMYFUNCTION("VLOOKUP($A$1,IMPORTRANGE($A$2, CONCATENATE($A3,""!$B$5:$JB$48"")),FU$1,0)"),"") | FV3: =IFERROR(__xludf.DUMMYFUNCTION("VLOOKUP($A$1,IMPORTRANGE($A$2, CONCATENATE($A3,""!$B$5:$JB$48"")),FV$1,0)"),"") | FW3: =IFERROR(__xludf.DUMMYFUNCTION("VLOOKUP($A$1,IMPORTRANGE($A$2, CONCATENATE($A3,""!$B$5:$JB$48"")),FW$1,0)"),"") | FX3: =IFERROR(__xludf.DUMMYFUNCTION("VLOOKUP($A$1,IMPORTRANGE($A$2, CONCATENATE($A3,""!$B$5:$JB$48"")),FX$1,0)"),"") | FY3: =IFERROR(__xludf.DUMMYFUNCTION("VLOOKUP($A$1,IMPORTRANGE($A$2, CONCATENATE($A3,""!$B$5:$JB$48"")),FY$1,0)"),"") | FZ3: =IFERROR(__xludf.DUMMYFUNCTION("VLOOKUP($A$1,IMPORTRANGE($A$2, CONCATENATE($A3,""!$B$5:$JB$48"")),FZ$1,0)"),"") | GA3: =IFERROR(__xludf.DUMMYFUNCTION("VLOOKUP($A$1,IMPORTRANGE($A$2, CONCATENATE($A3,""!$B$5:$JB$48"")),GA$1,0)"),"") | GB3: =IFERROR(__xludf.DUMMYFUNCTION("VLOOKUP($A$1,IMPORTRANGE($A$2, CONCATENATE($A3,""!$B$5:$JB$48"")),GB$1,0)"),"") | GC3: =IFERROR(__xludf.DUMMYFUNCTION("VLOOKUP($A$1,IMPORTRANGE($A$2, CONCATENATE($A3,""!$B$5:$JB$48"")),GC$1,0)"),"") | GD3: =IFERROR(__xludf.DUMMYFUNCTION("VLOOKUP($A$1,IMPORTRANGE($A$2, CONCATENATE($A3,""!$B$5:$JB$48"")),GD$1,0)"),"") | GE3: =IFERROR(__xludf.DUMMYFUNCTION("VLOOKUP($A$1,IMPORTRANGE($A$2, CONCATENATE($A3,""!$B$5:$JB$48"")),GE$1,0)"),"") | GF3: =IFERROR(__xludf.DUMMYFUNCTION("VLOOKUP($A$1,IMPORTRANGE($A$2, CONCATENATE($A3,""!$B$5:$JB$48"")),GF$1,0)"),"") | GG3: =IFERROR(__xludf.DUMMYFUNCTION("VLOOKUP($A$1,IMPORTRANGE($A$2, CONCATENATE($A3,""!$B$5:$JB$48"")),GG$1,0)"),"") | GH3: =IFERROR(__xludf.DUMMYFUNCTION("VLOOKUP($A$1,IMPORTRANGE($A$2, CONCATENATE($A3,""!$B$5:$JB$48"")),GH$1,0)"),"") | GI3: =IFERROR(__xludf.DUMMYFUNCTION("VLOOKUP($A$1,IMPORTRANGE($A$2, CONCATENATE($A3,""!$B$5:$JB$48"")),GI$1,0)"),"") | GJ3: =IFERROR(__xludf.DUMMYFUNCTION("VLOOKUP($A$1,IMPORTRANGE($A$2, CONCATENATE($A3,""!$B$5:$JB$48"")),GJ$1,0)"),"") | GK3: =IFERROR(__xludf.DUMMYFUNCTION("VLOOKUP($A$1,IMPORTRANGE($A$2, CONCATENATE($A3,""!$B$5:$JB$48"")),GK$1,0)"),4.0) -> 4 | GL3: =IFERROR(__xludf.DUMMYFUNCTION("VLOOKUP($A$1,IMPORTRANGE($A$2, CONCATENATE($A3,""!$B$5:$JB$48"")),GL$1,0)"),"") | GM3: =IFERROR(__xludf.DUMMYFUNCTION("VLOOKUP($A$1,IMPORTRANGE($A$2, CONCATENATE($A3,""!$B$5:$JB$48"")),GM$1,0)"),"") | GN3: =IFERROR(__xludf.DUMMYFUNCTION("VLOOKUP($A$1,IMPORTRANGE($A$2, CONCATENATE($A3,""!$B$5:$JB$48"")),GN$1,0)"),"") | GO3: =IFERROR(__xludf.DUMMYFUNCTION("VLOOKUP($A$1,IMPORTRANGE($A$2, CONCATENATE($A3,""!$B$5:$JB$48"")),GO$1,0)"),"") | GP3: =IFERROR(__xludf.DUMMYFUNCTION("VLOOKUP($A$1,IMPORTRANGE($A$2, CONCATENATE($A3,""!$B$5:$JB$48"")),GP$1,0)"),"") | GQ3: =IFERROR(__xludf.DUMMYFUNCTION("VLOOKUP($A$1,IMPORTRANGE($A$2, CONCATENATE($A3,""!$B$5:$JB$48"")),GQ$1,0)"),"") | GR3: =IFERROR(__xludf.DUMMYFUNCTION("VLOOKUP($A$1,IMPORTRANGE($A$2, CONCATENATE($A3,""!$B$5:$JB$48"")),GR$1,0)"),"") | GS3: =IFERROR(__xludf.DUMMYFUNCTION("VLOOKUP($A$1,IMPORTRANGE($A$2, CONCATENATE($A3,""!$B$5:$JB$48"")),GS$1,0)"),"") | GT3: =IFERROR(__xludf.DUMMYFUNCTION("VLOOKUP($A$1,IMPORTRANGE($A$2, CONCATENATE($A3,""!$B$5:$JB$48"")),GT$1,0)"),"") | GU3: =IFERROR(__xludf.DUMMYFUNCTION("VLOOKUP($A$1,IMPORTRANGE($A$2, CONCATENATE($A3,""!$B$5:$JB$48"")),GU$1,0)"),"") | GV3: =IFERROR(__xludf.DUMMYFUNCTION("VLOOKUP($A$1,IMPORTRANGE($A$2, CONCATENATE($A3,""!$B$5:$JB$48"")),GV$1,0)"),"") | GW3: =IFERROR(__xludf.DUMMYFUNCTION("VLOOKUP($A$1,IMPORTRANGE($A$2, CONCATENATE($A3,""!$B$5:$JB$48"")),GW$1,0)"),"") | GX3: =IFERROR(__xludf.DUMMYFUNCTION("VLOOKUP($A$1,IMPORTRANGE($A$2, CONCATENATE($A3,""!$B$5:$JB$48"")),GX$1,0)"),"") | GY3: =IFERROR(__xludf.DUMMYFUNCTION("VLOOKUP($A$1,IMPORTRANGE($A$2, CONCATENATE($A3,""!$B$5:$JB$48"")),GY$1,0)"),"") | GZ3: =IFERROR(__xludf.DUMMYFUNCTION("VLOOKUP($A$1,IMPORTRANGE($A$2, CONCATENATE($A3,""!$B$5:$JB$48"")),GZ$1,0)"),"") | HA3: =IFERROR(__xludf.DUMMYFUNCTION("VLOOKUP($A$1,IMPORTRANGE($A$2, CONCATENATE($A3,""!$B$5:$JB$48"")),HA$1,0)"),"") | HB3: =IFERROR(__xludf.DUMMYFUNCTION("VLOOKUP($A$1,IMPORTRANGE($A$2, CONCATENATE($A3,""!$B$5:$JB$48"")),HB$1,0)"),"") | HC3: =IFERROR(__xludf.DUMMYFUNCTION("VLOOKUP($A$1,IMPORTRANGE($A$2, CONCATENATE($A3,""!$B$5:$JB$48"")),HC$1,0)"),"") | HD3: =IFERROR(__xludf.DUMMYFUNCTION("VLOOKUP($A$1,IMPORTRANGE($A$2, CONCATENATE($A3,""!$B$5:$JB$48"")),HD$1,0)"),"") | HE3: =IFERROR(__xludf.DUMMYFUNCTION("VLOOKUP($A$1,IMPORTRANGE($A$2, CONCATENATE($A3,""!$B$5:$JB$48"")),HE$1,0)"),"") | HF3: =IFERROR(__xludf.DUMMYFUNCTION("VLOOKUP($A$1,IMPORTRANGE($A$2, CONCATENATE($A3,""!$B$5:$JB$48"")),HF$1,0)"),"") | HG3: =IFERROR(__xludf.DUMMYFUNCTION("VLOOKUP($A$1,IMPORTRANGE($A$2, CONCATENATE($A3,""!$B$5:$JB$48"")),HG$1,0)"),"") | HH3: =IFERROR(__xludf.DUMMYFUNCTION("VLOOKUP($A$1,IMPORTRANGE($A$2, CONCATENATE($A3,""!$B$5:$JB$48"")),HH$1,0)"),"") | HI3: =IFERROR(__xludf.DUMMYFUNCTION("VLOOKUP($A$1,IMPORTRANGE($A$2, CONCATENATE($A3,""!$B$5:$JB$48"")),HI$1,0)"),"") | HJ3: =IFERROR(__xludf.DUMMYFUNCTION("VLOOKUP($A$1,IMPORTRANGE($A$2, CONCATENATE($A3,""!$B$5:$JB$48"")),HJ$1,0)"),"") | HK3: =IFERROR(__xludf.DUMMYFUNCTION("VLOOKUP($A$1,IMPORTRANGE($A$2, CONCATENATE($A3,""!$B$5:$JB$48"")),HK$1,0)"),"") | HL3: =IFERROR(__xludf.DUMMYFUNCTION("VLOOKUP($A$1,IMPORTRANGE($A$2, CONCATENATE($A3,""!$B$5:$JB$48"")),HL$1,0)"),"") | HM3: =IFERROR(__xludf.DUMMYFUNCTION("VLOOKUP($A$1,IMPORTRANGE($A$2, CONCATENATE($A3,""!$B$5:$JB$48"")),HM$1,0)"),"") | HN3: =IFERROR(__xludf.DUMMYFUNCTION("VLOOKUP($A$1,IMPORTRANGE($A$2, CONCATENATE($A3,""!$B$5:$JB$48"")),HN$1,0)"),"") | HO3: =IFERROR(__xludf.DUMMYFUNCTION("VLOOKUP($A$1,IMPORTRANGE($A$2, CONCATENATE($A3,""!$B$5:$JB$48"")),HO$1,0)"),"") | HP3: =IFERROR(__xludf.DUMMYFUNCTION("VLOOKUP($A$1,IMPORTRANGE($A$2, CONCATENATE($A3,""!$B$5:$JB$48"")),HP$1,0)"),"") | HQ3: =IFERROR(__xludf.DUMMYFUNCTION("VLOOKUP($A$1,IMPORTRANGE($A$2, CONCATENATE($A3,""!$B$5:$JB$48"")),HQ$1,0)"),"") | HR3: =IFERROR(__xludf.DUMMYFUNCTION("VLOOKUP($A$1,IMPORTRANGE($A$2, CONCATENATE($A3,""!$B$5:$JB$48"")),HR$1,0)"),"") | HS3: =IFERROR(__xludf.DUMMYFUNCTION("VLOOKUP($A$1,IMPORTRANGE($A$2, CONCATENATE($A3,""!$B$5:$JB$48"")),HS$1,0)"),"") | HT3: =IFERROR(__xludf.DUMMYFUNCTION("VLOOKUP($A$1,IMPORTRANGE($A$2, CONCATENATE($A3,""!$B$5:$JB$48"")),HT$1,0)"),"") | HU3: =IFERROR(__xludf.DUMMYFUNCTION("VLOOKUP($A$1,IMPORTRANGE($A$2, CONCATENATE($A3,""!$B$5:$JB$48"")),HU$1,0)"),"") | HV3: =IFERROR(__xludf.DUMMYFUNCTION("VLOOKUP($A$1,IMPORTRANGE($A$2, CONCATENATE($A3,""!$B$5:$JB$48"")),HV$1,0)"),"") | HW3: =IFERROR(__xludf.DUMMYFUNCTION("VLOOKUP($A$1,IMPORTRANGE($A$2, CONCATENATE($A3,""!$B$5:$JB$48"")),HW$1,0)"),"") | HX3: =IFERROR(__xludf.DUMMYFUNCTION("VLOOKUP($A$1,IMPORTRANGE($A$2, CONCATENATE($A3,""!$B$5:$JB$48"")),HX$1,0)"),"") | HY3: =IFERROR(__xludf.DUMMYFUNCTION("VLOOKUP($A$1,IMPORTRANGE($A$2, CONCATENATE($A3,""!$B$5:$JB$48"")),HY$1,0)"),"") | HZ3: =IFERROR(__xludf.DUMMYFUNCTION("VLOOKUP($A$1,IMPORTRANGE($A$2, CONCATENATE($A3,""!$B$5:$JB$48"")),HZ$1,0)"),"") | IA3: =IFERROR(__xludf.DUMMYFUNCTION("VLOOKUP($A$1,IMPORTRANGE($A$2, CONCATENATE($A3,""!$B$5:$JB$48"")),IA$1,0)"),"") | IB3: =IFERROR(__xludf.DUMMYFUNCTION("VLOOKUP($A$1,IMPORTRANGE($A$2, CONCATENATE($A3,""!$B$5:$JB$48"")),IB$1,0)"),"") | IC3: =IFERROR(__xludf.DUMMYFUNCTION("VLOOKUP($A$1,IMPORTRANGE($A$2, CONCATENATE($A3,""!$B$5:$JB$48"")),IC$1,0)"),"") | ID3: =IFERROR(__xludf.DUMMYFUNCTION("VLOOKUP($A$1,IMPORTRANGE($A$2, CONCATENATE($A3,""!$B$5:$JB$48"")),ID$1,0)"),"") | IE3: =IFERROR(__xludf.DUMMYFUNCTION("VLOOKUP($A$1,IMPORTRANGE($A$2, CONCATENATE($A3,""!$B$5:$JB$48"")),IE$1,0)"),"") | IF3: =IFERROR(__xludf.DUMMYFUNCTION("VLOOKUP($A$1,IMPORTRANGE($A$2, CONCATENATE($A3,""!$B$5:$JB$48"")),IF$1,0)"),"") | IG3: =IFERROR(__xludf.DUMMYFUNCTION("VLOOKUP($A$1,IMPORTRANGE($A$2, CONCATENATE($A3,""!$B$5:$JB$48"")),IG$1,0)"),"") | IH3: =IFERROR(__xludf.DUMMYFUNCTION("VLOOKUP($A$1,IMPORTRANGE($A$2, CONCATENATE($A3,""!$B$5:$JB$48"")),IH$1,0)"),"") | II3: =IFERROR(__xludf.DUMMYFUNCTION("VLOOKUP($A$1,IMPORTRANGE($A$2, CONCATENATE($A3,""!$B$5:$JB$48"")),II$1,0)"),"") | IJ3: =IFERROR(__xludf.DUMMYFUNCTION("VLOOKUP($A$1,IMPORTRANGE($A$2, CONCATENATE($A3,""!$B$5:$JB$48"")),IJ$1,0)"),"") | IK3: =IFERROR(__xludf.DUMMYFUNCTION("VLOOKUP($A$1,IMPORTRANGE($A$2, CONCATENATE($A3,""!$B$5:$JB$48"")),IK$1,0)"),"") | IL3: =IFERROR(__xludf.DUMMYFUNCTION("VLOOKUP($A$1,IMPORTRANGE($A$2, CONCATENATE($A3,""!$B$5:$JB$48"")),IL$1,0)"),"") | IM3: =IFERROR(__xludf.DUMMYFUNCTION("VLOOKUP($A$1,IMPORTRANGE($A$2, CONCATENATE($A3,""!$B$5:$JB$48"")),IM$1,0)"),"") | IN3: =IFERROR(__xludf.DUMMYFUNCTION("VLOOKUP($A$1,IMPORTRANGE($A$2, CONCATENATE($A3,""!$B$5:$JB$48"")),IN$1,0)"),"") | IO3: =IFERROR(__xludf.DUMMYFUNCTION("VLOOKUP($A$1,IMPORTRANGE($A$2, CONCATENATE($A3,""!$B$5:$JB$48"")),IO$1,0)"),"") | IP3: =IFERROR(__xludf.DUMMYFUNCTION("VLOOKUP($A$1,IMPORTRANGE($A$2, CONCATENATE($A3,""!$B$5:$JB$48"")),IP$1,0)"),"") | IQ3: =IFERROR(__xludf.DUMMYFUNCTION("VLOOKUP($A$1,IMPORTRANGE($A$2, CONCATENATE($A3,""!$B$5:$JB$48"")),IQ$1,0)"),"") | IR3: =IFERROR(__xludf.DUMMYFUNCTION("VLOOKUP($A$1,IMPORTRANGE($A$2, CONCATENATE($A3,""!$B$5:$JB$48"")),IR$1,0)"),"") | IS3: =IFERROR(__xludf.DUMMYFUNCTION("VLOOKUP($A$1,IMPORTRANGE($A$2, CONCATENATE($A3,""!$B$5:$JB$48"")),IS$1,0)"),"") | IT3: =IFERROR(__xludf.DUMMYFUNCTION("VLOOKUP($A$1,IMPORTRANGE($A$2, CONCATENATE($A3,""!$B$5:$JB$48"")),IT$1,0)"),"") | IU3: =IFERROR(__xludf.DUMMYFUNCTION("VLOOKUP($A$1,IMPORTRANGE($A$2, CONCATENATE($A3,""!$B$5:$JB$48"")),IU$1,0)"),"") | IV3: =IFERROR(__xludf.DUMMYFUNCTION("VLOOKUP($A$1,IMPORTRANGE($A$2, CONCATENATE($A3,""!$B$5:$JB$48"")),IV$1,0)"),"") | IW3: =IFERROR(__xludf.DUMMYFUNCTION("VLOOKUP($A$1,IMPORTRANGE($A$2, CONCATENATE($A3,""!$B$5:$JB$48"")),IW$1,0)"),"") | IX3: =IFERROR(__xludf.DUMMYFUNCTION("VLOOKUP($A$1,IMPORTRANGE($A$2, CONCATENATE($A3,""!$B$5:$JB$48"")),IX$1,0)"),45909.0) -> 45909 | IY3: =IFERROR(__xludf.DUMMYFUNCTION("VLOOKUP($A$1,IMPORTRANGE($A$2, CONCATENATE($A3,""!$B$5:$JB$48"")),IY$1,0)"),"Омонимы. Паронимы") -> Омонимы. Паронимы | IZ3: =IFERROR(__xludf.DUMMYFUNCTION("VLOOKUP($A$1,IMPORTRANGE($A$2, CONCATENATE($A3,""!$B$5:$JB$48"")),IZ$1,0)"),"задание 3") -> задание 3 | JA3: =IFERROR(__xludf.DUMMYFUNCTION("VLOOKUP($A$1,IMPORTRANGE($A$2, CONCATENATE($A3,""!$B$5:$JB$48"")),JA$1,0)"),45981.0) -> 45981
B5: =IFERROR(__xludf.DUMMYFUNCTION("IMPORTRANGE($A$2, CONCATENATE($A6,""!C4:JB4""))"),45902.0) -> 45902 | C5: =IFERROR(__xludf.DUMMYFUNCTION("""COMPUTED_VALUE"""),45904.0) -> 45904 | I5: =IFERROR(__xludf.DUMMYFUNCTION("""COMPUTED_VALUE"""),45909.0) -> 45909 | J5: =IFERROR(__xludf.DUMMYFUNCTION("""COMPUTED_VALUE"""),45912.0) -> 45912 | P5: =IFERROR(__xludf.DUMMYFUNCTION("""COMPUTED_VALUE"""),45916.0) -> 45916 | Q5: =IFERROR(__xludf.DUMMYFUNCTION("""COMPUTED_VALUE"""),45918.0) -> 45918 | W5: =IFERROR(__xludf.DUMMYFUNCTION("""COMPUTED_VALUE"""),45925.0) -> 45925 | X5: =IFERROR(__xludf.DUMMYFUNCTION("""COMPUTED_VALUE"""),45930.0) -> 45930 | AD5: =IFERROR(__xludf.DUMMYFUNCTION("""COMPUTED_VALUE"""),45932.0) -> 45932 | AE5: =IFERROR(__xludf.DUMMYFUNCTION("""COMPUTED_VALUE"""),45937.0) -> 45937 | AK5: =IFERROR(__xludf.DUMMYFUNCTION("""COMPUTED_VALUE"""),45939.0) -> 45939 | AL5: =IFERROR(__xludf.DUMMYFUNCTION("""COMPUTED_VALUE"""),45944.0) -> 45944 | AR5: =IFERROR(__xludf.DUMMYFUNCTION("""COMPUTED_VALUE"""),45946.0) -> 45946 | AS5: =IFERROR(__xludf.DUMMYFUNCTION("""COMPUTED_VALUE"""),45951.0) -> 45951 | AX5: =IFERROR(__xludf.DUMMYFUNCTION("""COMPUTED_VALUE"""),45953.0) -> 45953 | AY5: =IFERROR(__xludf.DUMMYFUNCTION("""COMPUTED_VALUE"""),45954.0) -> 45954 | BF5: =IFERROR(__xludf.DUMMYFUNCTION("""COMPUTED_VALUE"""),45960.0) -> 45960 | BG5: =IFERROR(__xludf.DUMMYFUNCTION("""COMPUTED_VALUE"""),45961.0) -> 45961 | BM5: =IFERROR(__xludf.DUMMYFUNCTION("""COMPUTED_VALUE"""),"1 четверть") -> 1 четверть | BN5: =IFERROR(__xludf.DUMMYFUNCTION("""COMPUTED_VALUE"""),45972.0) -> 45972 | BO5: =IFERROR(__xludf.DUMMYFUNCTION("""COMPUTED_VALUE"""),45974.0) -> 45974 | BU5: =IFERROR(__xludf.DUMMYFUNCTION("""COMPUTED_VALUE"""),45979.0) -> 45979 | BV5: =IFERROR(__xludf.DUMMYFUNCTION("""COMPUTED_VALUE"""),45981.0) -> 45981 | CB5: =IFERROR(__xludf.DUMMYFUNCTION("""COMPUTED_VALUE"""),45986.0) -> 45986 | CC5: =IFERROR(__xludf.DUMMYFUNCTION("""COMPUTED_VALUE"""),45988.0) -> 45988 | CI5: =IFERROR(__xludf.DUMMYFUNCTION("""COMPUTED_VALUE"""),"2.12.2025К/Р") -> 2.12.2025К/Р | CJ5: =IFERROR(__xludf.DUMMYFUNCTION("""COMPUTED_VALUE"""),45995.0) -> 45995 | CP5: =IFERROR(__xludf.DUMMYFUNCTION("""COMPUTED_VALUE"""),46000.0) -> 46000 | CQ5: =IFERROR(__xludf.DUMMYFUNCTION("""COMPUTED_VALUE"""),46002.0) -> 46002 | CW5: =IFERROR(__xludf.DUMMYFUNCTION("""COMPUTED_VALUE"""),46007.0) -> 46007 | CX5: =IFERROR(__xludf.DUMMYFUNCTION("""COMPUTED_VALUE"""),46009.0) -> 46009 | DD5: =IFERROR(__xludf.DUMMYFUNCTION("""COMPUTED_VALUE"""),46014.0) -> 46014 | DE5: =IFERROR(__xludf.DUMMYFUNCTION("""COMPUTED_VALUE"""),46016.0) -> 46016 | DR5: =IFERROR(__xludf.DUMMYFUNCTION("""COMPUTED_VALUE"""),"2 четверть") -> 2 четверть | DS5: =IFERROR(__xludf.DUMMYFUNCTION("""COMPUTED_VALUE"""),46035.0) -> 46035 | DT5: =IFERROR(__xludf.DUMMYFUNCTION("""COMPUTED_VALUE"""),46037.0) -> 46037 | DZ5: =IFERROR(__xludf.DUMMYFUNCTION("""COMPUTED_VALUE"""),46042.0) -> 46042 | EA5: =IFERROR(__xludf.DUMMYFUNCTION("""COMPUTED_VALUE"""),46044.0) -> 46044 | EG5: =IFERROR(__xludf.DUMMYFUNCTION("""COMPUTED_VALUE"""),46049.0) -> 46049 | EH5: =IFERROR(__xludf.DUMMYFUNCTION("""COMPUTED_VALUE"""),46051.0) -> 46051 | EN5: =IFERROR(__xludf.DUMMYFUNCTION("""COMPUTED_VALUE"""),46056.0) -> 46056 | EO5: =IFERROR(__xludf.DUMMYFUNCTION("""COMPUTED_VALUE"""),46058.0) -> 46058 | EU5: =IFERROR(__xludf.DUMMYFUNCTION("""COMPUTED_VALUE"""),46063.0) -> 46063 | EV5: =IFERROR(__xludf.DUMMYFUNCTION("""COMPUTED_VALUE"""),46065.0) -> 46065 | FB5: =IFERROR(__xludf.DUMMYFUNCTION("""COMPUTED_VALUE"""),46070.0) -> 46070 | FC5: =IFERROR(__xludf.DUMMYFUNCTION("""COMPUTED_VALUE"""),46072.0) -> 46072 | FI5: =IFERROR(__xludf.DUMMYFUNCTION("""COMPUTED_VALUE"""),46077.0) -> 46077 | FJ5: =IFERROR(__xludf.DUMMYFUNCTION("""COMPUTED_VALUE"""),46079.0) -> 46079 | FP5: =IFERROR(__xludf.DUMMYFUNCTION("""COMPUTED_VALUE"""),46084.0) -> 46084 | FQ5: =IFERROR(__xludf.DUMMYFUNCTION("""COMPUTED_VALUE"""),46086.0) -> 46086 | FW5: =IFERROR(__xludf.DUMMYFUNCTION("""COMPUTED_VALUE"""),46091.0) -> 46091 | FX5: =IFERROR(__xludf.DUMMYFUNCTION("""COMPUTED_VALUE"""),46093.0) -> 46093 | GF5: =IFERROR(__xludf.DUMMYFUNCTION("""COMPUTED_VALUE"""),"3 четверть") -> 3 четверть | IR5: =IFERROR(__xludf.DUMMYFUNCTION("""COMPUTED_VALUE"""),"4 четверть") -> 4 четверть | IS5: =IFERROR(__xludf.DUMMYFUNCTION("""COMPUTED_VALUE"""),"год") -> год | IT5: =IFERROR(__xludf.DUMMYFUNCTION("""COMPUTED_VALUE"""),"рейтинг") -> рейтинг | IW5: =IFERROR(__xludf.DUMMYFUNCTION("""COMPUTED_VALUE"""),"Дата") -> Дата | IX5: =IFERROR(__xludf.DUMMYFUNCTION("""COMPUTED_VALUE"""),"Тема урока") -> Тема урока | IY5: =IFERROR(__xludf.DUMMYFUNCTION("""COMPUTED_VALUE"""),"Домашнее задание") -> Домашнее задание | IZ5: =IFERROR(__xludf.DUMMYFUNCTION("""COMPUTED_VALUE"""),"Дата") -> Дата | JA5: =IFERROR(__xludf.DUMMYFUNCTION("""COMPUTED_VALUE"""),"Тема урока") -> Тема урока
A6: Литература | B6: =IFERROR(__xludf.DUMMYFUNCTION("VLOOKUP($A$1,IMPORTRANGE($A$2, CONCATENATE($A6,""!$B$5:$JB$48"")),B$1,0)"),"") | C6: =IFERROR(__xludf.DUMMYFUNCTION("VLOOKUP($A$1,IMPORTRANGE($A$2, CONCATENATE($A6,""!$B$5:$JB$48"")),C$1,0)"),5.0) -> 5 | D6: =IFERROR(__xludf.DUMMYFUNCTION("VLOOKUP($A$1,IMPORTRANGE($A$2, CONCATENATE($A6,""!$B$5:$JB$48"")),D$1,0)"),"") | E6: =IFERROR(__xludf.DUMMYFUNCTION("VLOOKUP($A$1,IMPORTRANGE($A$2, CONCATENATE($A6,""!$B$5:$JB$48"")),E$1,0)"),"") | F6: =IFERROR(__xludf.DUMMYFUNCTION("VLOOKUP($A$1,IMPORTRANGE($A$2, CONCATENATE($A6,""!$B$5:$JB$48"")),F$1,0)"),"") | G6: =IFERROR(__xludf.DUMMYFUNCTION("VLOOKUP($A$1,IMPORTRANGE($A$2, CONCATENATE($A6,""!$B$5:$JB$48"")),G$1,0)"),"") | H6: =IFERROR(__xludf.DUMMYFUNCTION("VLOOKUP($A$1,IMPORTRANGE($A$2, CONCATENATE($A6,""!$B$5:$JB$48"")),H$1,0)"),"") | I6: =IFERROR(__xludf.DUMMYFUNCTION("VLOOKUP($A$1,IMPORTRANGE($A$2, CONCATENATE($A6,""!$B$5:$JB$48"")),I$1,0)"),"см") -> см | J6: =IFERROR(__xludf.DUMMYFUNCTION("VLOOKUP($A$1,IMPORTRANGE($A$2, CONCATENATE($A6,""!$B$5:$JB$48"")),J$1,0)"),5.0) -> 5 | K6: =IFERROR(__xludf.DUMMYFUNCTION("VLOOKUP($A$1,IMPORTRANGE($A$2, CONCATENATE($A6,""!$B$5:$JB$48"")),K$1,0)"),"") | L6: =IFERROR(__xludf.DUMMYFUNCTION("VLOOKUP($A$1,IMPORTRANGE($A$2, CONCATENATE($A6,""!$B$5:$JB$48"")),L$1,0)"),"") | M6: =IFERROR(__xludf.DUMMYFUNCTION("VLOOKUP($A$1,IMPORTRANGE($A$2, CONCATENATE($A6,""!$B$5:$JB$48"")),M$1,0)"),"") | N6: =IFERROR(__xludf.DUMMYFUNCTION("VLOOKUP($A$1,IMPORTRANGE($A$2, CONCATENATE($A6,""!$B$5:$JB$48"")),N$1,0)"),"") | O6: =IFERROR(__xludf.DUMMYFUNCTION("VLOOKUP($A$1,IMPORTRANGE($A$2, CONCATENATE($A6,""!$B$5:$JB$48"")),O$1,0)"),"") | P6: =IFERROR(__xludf.DUMMYFUNCTION("VLOOKUP($A$1,IMPORTRANGE($A$2, CONCATENATE($A6,""!$B$5:$JB$48"")),P$1,0)"),"") | Q6: =IFERROR(__xludf.DUMMYFUNCTION("VLOOKUP($A$1,IMPORTRANGE($A$2, CONCATENATE($A6,""!$B$5:$JB$48"")),Q$1,0)"),"") | R6: =IFERROR(__xludf.DUMMYFUNCTION("VLOOKUP($A$1,IMPORTRANGE($A$2, CONCATENATE($A6,""!$B$5:$JB$48"")),R$1,0)"),"") | S6: =IFERROR(__xludf.DUMMYFUNCTION("VLOOKUP($A$1,IMPORTRANGE($A$2, CONCATENATE($A6,""!$B$5:$JB$48"")),S$1,0)"),"") | T6: =IFERROR(__xludf.DUMMYFUNCTION("VLOOKUP($A$1,IMPORTRANGE($A$2, CONCATENATE($A6,""!$B$5:$JB$48"")),T$1,0)"),"") | U6: =IFERROR(__xludf.DUMMYFUNCTION("VLOOKUP($A$1,IMPORTRANGE($A$2, CONCATENATE($A6,""!$B$5:$JB$48"")),U$1,0)"),"") | V6: =IFERROR(__xludf.DUMMYFUNCTION("VLOOKUP($A$1,IMPORTRANGE($A$2, CONCATENATE($A6,""!$B$5:$JB$48"")),V$1,0)"),"") | W6: =IFERROR(__xludf.DUMMYFUNCTION("VLOOKUP($A$1,IMPORTRANGE($A$2, CONCATENATE($A6,""!$B$5:$JB$48"")),W$1,0)"),"") | X6: =IFERROR(__xludf.DUMMYFUNCTION("VLOOKUP($A$1,IMPORTRANGE($A$2, CONCATENATE($A6,""!$B$5:$JB$48"")),X$1,0)"),4.0) -> 4 | Y6: =IFERROR(__xludf.DUMMYFUNCTION("VLOOKUP($A$1,IMPORTRANGE($A$2, CONCATENATE($A6,""!$B$5:$JB$48"")),Y$1,0)"),"") | Z6: =IFERROR(__xludf.DUMMYFUNCTION("VLOOKUP($A$1,IMPORTRANGE($A$2, CONCATENATE($A6,""!$B$5:$JB$48"")),Z$1,0)"),"") | AA6: =IFERROR(__xludf.DUMMYFUNCTION("VLOOKUP($A$1,IMPORTRANGE($A$2, CONCATENATE($A6,""!$B$5:$JB$48"")),AA$1,0)"),"") | AB6: =IFERROR(__xludf.DUMMYFUNCTION("VLOOKUP($A$1,IMPORTRANGE($A$2, CONCATENATE($A6,""!$B$5:$JB$48"")),AB$1,0)"),"") | AC6: =IFERROR(__xludf.DUMMYFUNCTION("VLOOKUP($A$1,IMPORTRANGE($A$2, CONCATENATE($A6,""!$B$5:$JB$48"")),AC$1,0)"),"") | AD6: =IFERROR(__xludf.DUMMYFUNCTION("VLOOKUP($A$1,IMPORTRANGE($A$2, CONCATENATE($A6,""!$B$5:$JB$48"")),AD$1,0)"),"см") -> см | AE6: =IFERROR(__xludf.DUMMYFUNCTION("VLOOKUP($A$1,IMPORTRANGE($A$2, CONCATENATE($A6,""!$B$5:$JB$48"")),AE$1,0)"),"") | AF6: =IFERROR(__xludf.DUMMYFUNCTION("VLOOKUP($A$1,IMPORTRANGE($A$2, CONCATENATE($A6,""!$B$5:$JB$48"")),AF$1,0)"),"") | AG6: =IFERROR(__xludf.DUMMYFUNCTION("VLOOKUP($A$1,IMPORTRANGE($A$2, CONCATENATE($A6,""!$B$5:$JB$48"")),AG$1,0)"),"") | AH6: =IFERROR(__xludf.DUMMYFUNCTION("VLOOKUP($A$1,IMPORTRANGE($A$2, CONCATENATE($A6,""!$B$5:$JB$48"")),AH$1,0)"),"") | AI6: =IFERROR(__xludf.DUMMYFUNCTION("VLOOKUP($A$1,IMPORTRANGE($A$2, CONCATENATE($A6,""!$B$5:$JB$48"")),AI$1,0)"),"") | AJ6: =IFERROR(__xludf.DUMMYFUNCTION("VLOOKUP($A$1,IMPORTRANGE($A$2, CONCATENATE($A6,""!$B$5:$JB$48"")),AJ$1,0)"),"") | AK6: =IFERROR(__xludf.DUMMYFUNCTION("VLOOKUP($A$1,IMPORTRANGE($A$2, CONCATENATE($A6,""!$B$5:$JB$48"")),AK$1,0)"),"") | AL6: =IFERROR(__xludf.DUMMYFUNCTION("VLOOKUP($A$1,IMPORTRANGE($A$2, CONCATENATE($A6,""!$B$5:$JB$48"")),AL$1,0)"),5.0) -> 5 | AM6: =IFERROR(__xludf.DUMMYFUNCTION("VLOOKUP($A$1,IMPORTRANGE($A$2, CONCATENATE($A6,""!$B$5:$JB$48"")),AM$1,0)"),"") | AN6: =IFERROR(__xludf.DUMMYFUNCTION("VLOOKUP($A$1,IMPORTRANGE($A$2, CONCATENATE($A6,""!$B$5:$JB$48"")),AN$1,0)"),"") | AO6: =IFERROR(__xludf.DUMMYFUNCTION("VLOOKUP($A$1,IMPORTRANGE($A$2, CONCATENATE($A6,""!$B$5:$JB$48"")),AO$1,0)"),"") | AP6: =IFERROR(__xludf.DUMMYFUNCTION("VLOOKUP($A$1,IMPORTRANGE($A$2, CONCATENATE($A6,""!$B$5:$JB$48"")),AP$1,0)"),"") | AQ6: =IFERROR(__xludf.DUMMYFUNCTION("VLOOKUP($A$1,IMPORTRANGE($A$2, CONCATENATE($A6,""!$B$5:$JB$48"")),AQ$1,0)"),"") | AR6: =IFERROR(__xludf.DUMMYFUNCTION("VLOOKUP($A$1,IMPORTRANGE($A$2, CONCATENATE($A6,""!$B$5:$JB$48"")),AR$1,0)"),5.0) -> 5 | AS6: =IFERROR(__xludf.DUMMYFUNCTION("VLOOKUP($A$1,IMPORTRANGE($A$2, CONCATENATE($A6,""!$B$5:$JB$48"")),AS$1,0)"),"") | AT6: =IFERROR(__xludf.DUMMYFUNCTION("VLOOKUP($A$1,IMPORTRANGE($A$2, CONCATENATE($A6,""!$B$5:$JB$48"")),AT$1,0)"),"") | AU6: =IFERROR(__xludf.DUMMYFUNCTION("VLOOKUP($A$1,IMPORTRANGE($A$2, CONCATENATE($A6,""!$B$5:$JB$48"")),AU$1,0)"),"") | AV6: =IFERROR(__xludf.DUMMYFUNCTION("VLOOKUP($A$1,IMPORTRANGE($A$2, CONCATENATE($A6,""!$B$5:$JB$48"")),AV$1,0)"),"") | AW6: =IFERROR(__xludf.DUMMYFUNCTION("VLOOKUP($A$1,IMPORTRANGE($A$2, CONCATENATE($A6,""!$B$5:$JB$48"")),AW$1,0)"),"") | AX6: =IFERROR(__xludf.DUMMYFUNCTION("VLOOKUP($A$1,IMPORTRANGE($A$2, CONCATENATE($A6,""!$B$5:$JB$48"")),AX$1,0)"),"") | AY6: =IFERROR(__xludf.DUMMYFUNCTION("VLOOKUP($A$1,IMPORTRANGE($A$2, CONCATENATE($A6,""!$B$5:$JB$48"")),AY$1,0)"),5.0) -> 5 | AZ6: =IFERROR(__xludf.DUMMYFUNCTION("VLOOKUP($A$1,IMPORTRANGE($A$2, CONCATENATE($A6,""!$B$5:$JB$48"")),AZ$1,0)"),"") | BA6: =IFERROR(__xludf.DUMMYFUNCTION("VLOOKUP($A$1,IMPORTRANGE($A$2, CONCATENATE($A6,""!$B$5:$JB$48"")),BA$1,0)"),"") | BB6: =IFERROR(__xludf.DUMMYFUNCTION("VLOOKUP($A$1,IMPORTRANGE($A$2, CONCATENATE($A6,""!$B$5:$JB$48"")),BB$1,0)"),"") | BC6: =IFERROR(__xludf.DUMMYFUNCTION("VLOOKUP($A$1,IMPORTRANGE($A$2, CONCATENATE($A6,""!$B$5:$JB$48"")),BC$1,0)"),"") | BD6: =IFERROR(__xludf.DUMMYFUNCTION("VLOOKUP($A$1,IMPORTRANGE($A$2, CONCATENATE($A6,""!$B$5:$JB$48"")),BD$1,0)"),"") | BE6: =IFERROR(__xludf.DUMMYFUNCTION("VLOOKUP($A$1,IMPORTRANGE($A$2, CONCATENATE($A6,""!$B$5:$JB$48"")),BE$1,0)"),"") | BF6: =IFERROR(__xludf.DUMMYFUNCTION("VLOOKUP($A$1,IMPORTRANGE($A$2, CONCATENATE($A6,""!$B$5:$JB$48"")),BF$1,0)"),4.0) -> 4 | BG6: =IFERROR(__xludf.DUMMYFUNCTION("VLOOKUP($A$1,IMPORTRANGE($A$2, CONCATENATE($A6,""!$B$5:$JB$48"")),BG$1,0)"),4.0) -> 4 | BH6: =IFERROR(__xludf.DUMMYFUNCTION("VLOOKUP($A$1,IMPORTRANGE($A$2, CONCATENATE($A6,""!$B$5:$JB$48"")),BH$1,0)"),"") | BI6: =IFERROR(__xludf.DUMMYFUNCTION("VLOOKUP($A$1,IMPORTRANGE($A$2, CONCATENATE($A6,""!$B$5:$JB$48"")),BI$1,0)"),"") | BJ6: =IFERROR(__xludf.DUMMYFUNCTION("VLOOKUP($A$1,IMPORTRANGE($A$2, CONCATENATE($A6,""!$B$5:$JB$48"")),BJ$1,0)"),"") | BK6: =IFERROR(__xludf.DUMMYFUNCTION("VLOOKUP($A$1,IMPORTRANGE($A$2, CONCATENATE($A6,""!$B$5:$JB$48"")),BK$1,0)"),"") | BL6: =IFERROR(__xludf.DUMMYFUNCTION("VLOOKUP($A$1,IMPORTRANGE($A$2, CONCATENATE($A6,""!$B$5:$JB$48"")),BL$1,0)"),"") | BM6: =IFERROR(__xludf.DUMMYFUNCTION("VLOOKUP($A$1,IMPORTRANGE($A$2, CONCATENATE($A6,""!$B$5:$JB$48"")),BM$1,0)"),5.0) -> 5 | BN6: =IFERROR(__xludf.DUMMYFUNCTION("VLOOKUP($A$1,IMPORTRANGE($A$2, CONCATENATE($A6,""!$B$5:$JB$48"")),BN$1,0)"),4.0) -> 4 | BO6: =IFERROR(__xludf.DUMMYFUNCTION("VLOOKUP($A$1,IMPORTRANGE($A$2, CONCATENATE($A6,""!$B$5:$JB$48"")),BO$1,0)"),5.0) -> 5 | BP6: =IFERROR(__xludf.DUMMYFUNCTION("VLOOKUP($A$1,IMPORTRANGE($A$2, CONCATENATE($A6,""!$B$5:$JB$48"")),BP$1,0)"),"") | BQ6: =IFERROR(__xludf.DUMMYFUNCTION("VLOOKUP($A$1,IMPORTRANGE($A$2, CONCATENATE($A6,""!$B$5:$JB$48"")),BQ$1,0)"),"") | BR6: =IFERROR(__xludf.DUMMYFUNCTION("VLOOKUP($A$1,IMPORTRANGE($A$2, CONCATENATE($A6,""!$B$5:$JB$48"")),BR$1,0)"),"") | BS6: =IFERROR(__xludf.DUMMYFUNCTION("VLOOKUP($A$1,IMPORTRANGE($A$2, CONCATENATE($A6,""!$B$5:$JB$48"")),BS$1,0)"),"") | BT6: =IFERROR(__xludf.DUMMYFUNCTION("VLOOKUP($A$1,IMPORTRANGE($A$2, CONCATENATE($A6,""!$B$5:$JB$48"")),BT$1,0)"),"") | BU6: =IFERROR(__xludf.DUMMYFUNCTION("VLOOKUP($A$1,IMPORTRANGE($A$2, CONCATENATE($A6,""!$B$5:$JB$48"")),BU$1,0)"),"н") -> н | BV6: =IFERROR(__xludf.DUMMYFUNCTION("VLOOKUP($A$1,IMPORTRANGE($A$2, CONCATENATE($A6,""!$B$5:$JB$48"")),BV$1,0)"),2.0) -> 2 | BW6: =IFERROR(__xludf.DUMMYFUNCTION("VLOOKUP($A$1,IMPORTRANGE($A$2, CONCATENATE($A6,""!$B$5:$JB$48"")),BW$1,0)"),"") | BX6: =IFERROR(__xludf.DUMMYFUNCTION("VLOOKUP($A$1,IMPORTRANGE($A$2, CONCATENATE($A6,""!$B$5:$JB$48"")),BX$1,0)"),"") | BY6: =IFERROR(__xludf.DUMMYFUNCTION("VLOOKUP($A$1,IMPORTRANGE($A$2, CONCATENATE($A6,""!$B$5:$JB$48"")),BY$1,0)"),"") | BZ6: =IFERROR(__xludf.DUMMYFUNCTION("VLOOKUP($A$1,IMPORTRANGE($A$2, CONCATENATE($A6,""!$B$5:$JB$48"")),BZ$1,0)"),"") | CA6: =IFERROR(__xludf.DUMMYFUNCTION("VLOOKUP($A$1,IMPORTRANGE($A$2, CONCATENATE($A6,""!$B$5:$JB$48"")),CA$1,0)"),"") | CB6: =IFERROR(__xludf.DUMMYFUNCTION("VLOOKUP($A$1,IMPORTRANGE($A$2, CONCATENATE($A6,""!$B$5:$JB$48"")),CB$1,0)"),"") | CC6: =IFERROR(__xludf.DUMMYFUNCTION("VLOOKUP($A$1,IMPORTRANGE($A$2, CONCATENATE($A6,""!$B$5:$JB$48"")),CC$1,0)"),2.0) -> 2 | CD6: =IFERROR(__xludf.DUMMYFUNCTION("VLOOKUP($A$1,IMPORTRANGE($A$2, CONCATENATE($A6,""!$B$5:$JB$48"")),CD$1,0)"),"") | CE6: =IFERROR(__xludf.DUMMYFUNCTION("VLOOKUP($A$1,IMPORTRANGE($A$2, CONCATENATE($A6,""!$B$5:$JB$48"")),CE$1,0)"),"") | CF6: =IFERROR(__xludf.DUMMYFUNCTION("VLOOKUP($A$1,IMPORTRANGE($A$2, CONCATENATE($A6,""!$B$5:$JB$48"")),CF$1,0)"),"") | CG6: =IFERROR(__xludf.DUMMYFUNCTION("VLOOKUP($A$1,IMPORTRANGE($A$2, CONCATENATE($A6,""!$B$5:$JB$48"")),CG$1,0)"),"") | CH6: =IFERROR(__xludf.DUMMYFUNCTION("VLOOKUP($A$1,IMPORTRANGE($A$2, CONCATENATE($A6,""!$B$5:$JB$48"")),CH$1,0)"),"") | CI6: =IFERROR(__xludf.DUMMYFUNCTION("VLOOKUP($A$1,IMPORTRANGE($A$2, CONCATENATE($A6,""!$B$5:$JB$48"")),CI$1,0)"),3.0) -> 3 | CJ6: =IFERROR(__xludf.DUMMYFUNCTION("VLOOKUP($A$1,IMPORTRANGE($A$2, CONCATENATE($A6,""!$B$5:$JB$48"")),CJ$1,0)"),"") | CK6: =IFERROR(__xludf.DUMMYFUNCTION("VLOOKUP($A$1,IMPORTRANGE($A$2, CONCATENATE($A6,""!$B$5:$JB$48"")),CK$1,0)"),"") | CL6: =IFERROR(__xludf.DUMMYFUNCTION("VLOOKUP($A$1,IMPORTRANGE($A$2, CONCATENATE($A6,""!$B$5:$JB$48"")),CL$1,0)"),"") | CM6: =IFERROR(__xludf.DUMMYFUNCTION("VLOOKUP($A$1,IMPORTRANGE($A$2, CONCATENATE($A6,""!$B$5:$JB$48"")),CM$1,0)"),"") | CN6: =IFERROR(__xludf.DUMMYFUNCTION("VLOOKUP($A$1,IMPORTRANGE($A$2, CONCATENATE($A6,""!$B$5:$JB$48"")),CN$1,0)"),"") | CO6: =IFERROR(__xludf.DUMMYFUNCTION("VLOOKUP($A$1,IMPORTRANGE($A$2, CONCATENATE($A6,""!$B$5:$JB$48"")),CO$1,0)"),"") | CP6: =IFERROR(__xludf.DUMMYFUNCTION("VLOOKUP($A$1,IMPORTRANGE($A$2, CONCATENATE($A6,""!$B$5:$JB$48"")),CP$1,0)"),"") | CQ6: =IFERROR(__xludf.DUMMYFUNCTION("VLOOKUP($A$1,IMPORTRANGE($A$2, CONCATENATE($A6,""!$B$5:$JB$48"")),CQ$1,0)"),"") | CR6: =IFERROR(__xludf.DUMMYFUNCTION("VLOOKUP($A$1,IMPORTRANGE($A$2, CONCATENATE($A6,""!$B$5:$JB$48"")),CR$1,0)"),"") | CS6: =IFERROR(__xludf.DUMMYFUNCTION("VLOOKUP($A$1,IMPORTRANGE($A$2, CONCATENATE($A6,""!$B$5:$JB$48"")),CS$1,0)"),"") | CT6: =IFERROR(__xludf.DUMMYFUNCTION("VLOOKUP($A$1,IMPORTRANGE($A$2, CONCATENATE($A6,""!$B$5:$JB$48"")),CT$1,0)"),"") | CU6: =IFERROR(__xludf.DUMMYFUNCTION("VLOOKUP($A$1,IMPORTRANGE($A$2, CONCATENATE($A6,""!$B$5:$JB$48"")),CU$1,0)"),"") | CV6: =IFERROR(__xludf.DUMMYFUNCTION("VLOOKUP($A$1,IMPORTRANGE($A$2, CONCATENATE($A6,""!$B$5:$JB$48"")),CV$1,0)"),"") | CW6: =IFERROR(__xludf.DUMMYFUNCTION("VLOOKUP($A$1,IMPORTRANGE($A$2, CONCATENATE($A6,""!$B$5:$JB$48"")),CW$1,0)"),5.0) -> 5 | CX6: =IFERROR(__xludf.DUMMYFUNCTION("VLOOKUP($A$1,IMPORTRANGE($A$2, CONCATENATE($A6,""!$B$5:$JB$48"")),CX$1,0)"),4.0) -> 4 | CY6: =IFERROR(__xludf.DUMMYFUNCTION("VLOOKUP($A$1,IMPORTRANGE($A$2, CONCATENATE($A6,""!$B$5:$JB$48"")),CY$1,0)"),"") | CZ6: =IFERROR(__xludf.DUMMYFUNCTION("VLOOKUP($A$1,IMPORTRANGE($A$2, CONCATENATE($A6,""!$B$5:$JB$48"")),CZ$1,0)"),"") | DA6: =IFERROR(__xludf.DUMMYFUNCTION("VLOOKUP($A$1,IMPORTRANGE($A$2, CONCATENATE($A6,""!$B$5:$JB$48"")),DA$1,0)"),"") | DB6: =IFERROR(__xludf.DUMMYFUNCTION("VLOOKUP($A$1,IMPORTRANGE($A$2, CONCATENATE($A6,""!$B$5:$JB$48"")),DB$1,0)"),"") | DC6: =IFERROR(__xludf.DUMMYFUNCTION("VLOOKUP($A$1,IMPORTRANGE($A$2, CONCATENATE($A6,""!$B$5:$JB$48"")),DC$1,0)"),"") | DD6: =IFERROR(__xludf.DUMMYFUNCTION("VLOOKUP($A$1,IMPORTRANGE($A$2, CONCATENATE($A6,""!$B$5:$JB$48"")),DD$1,0)"),3.0) -> 3 | DE6: =IFERROR(__xludf.DUMMYFUNCTION("VLOOKUP($A$1,IMPORTRANGE($A$2, CONCATENATE($A6,""!$B$5:$JB$48"")),DE$1,0)"),5.0) -> 5 | DF6: =IFERROR(__xludf.DUMMYFUNCTION("VLOOKUP($A$1,IMPORTRANGE($A$2, CONCATENATE($A6,""!$B$5:$JB$48"")),DF$1,0)"),"") | DG6: =IFERROR(__xludf.DUMMYFUNCTION("VLOOKUP($A$1,IMPORTRANGE($A$2, CONCATENATE($A6,""!$B$5:$JB$48"")),DG$1,0)"),"") | DH6: =IFERROR(__xludf.DUMMYFUNCTION("VLOOKUP($A$1,IMPORTRANGE($A$2, CONCATENATE($A6,""!$B$5:$JB$48"")),DH$1,0)"),"") | DI6: =IFERROR(__xludf.DUMMYFUNCTION("VLOOKUP($A$1,IMPORTRANGE($A$2, CONCATENATE($A6,""!$B$5:$JB$48"")),DI$1,0)"),"") | DJ6: =IFERROR(__xludf.DUMMYFUNCTION("VLOOKUP($A$1,IMPORTRANGE($A$2, CONCATENATE($A6,""!$B$5:$JB$48"")),DJ$1,0)"),"") | DK6: =IFERROR(__xludf.DUMMYFUNCTION("VLOOKUP($A$1,IMPORTRANGE($A$2, CONCATENATE($A6,""!$B$5:$JB$48"")),DK$1,0)"),"") | DL6: =IFERROR(__xludf.DUMMYFUNCTION("VLOOKUP($A$1,IMPORTRANGE($A$2, CONCATENATE($A6,""!$B$5:$JB$48"")),DL$1,0)"),"") | DM6: =IFERROR(__xludf.DUMMYFUNCTION("VLOOKUP($A$1,IMPORTRANGE($A$2, CONCATENATE($A6,""!$B$5:$JB$48"")),DM$1,0)"),"") | DN6: =IFERROR(__xludf.DUMMYFUNCTION("VLOOKUP($A$1,IMPORTRANGE($A$2, CONCATENATE($A6,""!$B$5:$JB$48"")),DN$1,0)"),"") | DO6: =IFERROR(__xludf.DUMMYFUNCTION("VLOOKUP($A$1,IMPORTRANGE($A$2, CONCATENATE($A6,""!$B$5:$JB$48"")),DO$1,0)"),"") | DP6: =IFERROR(__xludf.DUMMYFUNCTION("VLOOKUP($A$1,IMPORTRANGE($A$2, CONCATENATE($A6,""!$B$5:$JB$48"")),DP$1,0)"),"") | DQ6: =IFERROR(__xludf.DUMMYFUNCTION("VLOOKUP($A$1,IMPORTRANGE($A$2, CONCATENATE($A6,""!$B$5:$JB$48"")),DQ$1,0)"),"") | DR6: =IFERROR(__xludf.DUMMYFUNCTION("VLOOKUP($A$1,IMPORTRANGE($A$2, CONCATENATE($A6,""!$B$5:$JB$48"")),DR$1,0)"),4.0) -> 4 | DS6: =IFERROR(__xludf.DUMMYFUNCTION("VLOOKUP($A$1,IMPORTRANGE($A$2, CONCATENATE($A6,""!$B$5:$JB$48"")),DS$1,0)"),"") | DT6: =IFERROR(__xludf.DUMMYFUNCTION("VLOOKUP($A$1,IMPORTRANGE($A$2, CONCATENATE($A6,""!$B$5:$JB$48"")),DT$1,0)"),"") | DU6: =IFERROR(__xludf.DUMMYFUNCTION("VLOOKUP($A$1,IMPORTRANGE($A$2, CONCATENATE($A6,""!$B$5:$JB$48"")),DU$1,0)"),"") | DV6: =IFERROR(__xludf.DUMMYFUNCTION("VLOOKUP($A$1,IMPORTRANGE($A$2, CONCATENATE($A6,""!$B$5:$JB$48"")),DV$1,0)"),"") | DW6: =IFERROR(__xludf.DUMMYFUNCTION("VLOOKUP($A$1,IMPORTRANGE($A$2, CONCATENATE($A6,""!$B$5:$JB$48"")),DW$1,0)"),"") | DX6: =IFERROR(__xludf.DUMMYFUNCTION("VLOOKUP($A$1,IMPORTRANGE($A$2, CONCATENATE($A6,""!$B$5:$JB$48"")),DX$1,0)"),"") | DY6: =IFERROR(__xludf.DUMMYFUNCTION("VLOOKUP($A$1,IMPORTRANGE($A$2, CONCATENATE($A6,""!$B$5:$JB$48"")),DY$1,0)"),"") | DZ6: =IFERROR(__xludf.DUMMYFUNCTION("VLOOKUP($A$1,IMPORTRANGE($A$2, CONCATENATE($A6,""!$B$5:$JB$48"")),DZ$1,0)"),"") | EA6: =IFERROR(__xludf.DUMMYFUNCTION("VLOOKUP($A$1,IMPORTRANGE($A$2, CONCATENATE($A6,""!$B$5:$JB$48"")),EA$1,0)"),2.0) -> 2 | EB6: =IFERROR(__xludf.DUMMYFUNCTION("VLOOKUP($A$1,IMPORTRANGE($A$2, CONCATENATE($A6,""!$B$5:$JB$48"")),EB$1,0)"),"") | EC6: =IFERROR(__xludf.DUMMYFUNCTION("VLOOKUP($A$1,IMPORTRANGE($A$2, CONCATENATE($A6,""!$B$5:$JB$48"")),EC$1,0)"),"") | ED6: =IFERROR(__xludf.DUMMYFUNCTION("VLOOKUP($A$1,IMPORTRANGE($A$2, CONCATENATE($A6,""!$B$5:$JB$48"")),ED$1,0)"),"") | EE6: =IFERROR(__xludf.DUMMYFUNCTION("VLOOKUP($A$1,IMPORTRANGE($A$2, CONCATENATE($A6,""!$B$5:$JB$48"")),EE$1,0)"),"") | EF6: =IFERROR(__xludf.DUMMYFUNCTION("VLOOKUP($A$1,IMPORTRANGE($A$2, CONCATENATE($A6,""!$B$5:$JB$48"")),EF$1,0)"),"") | EG6: =IFERROR(__xludf.DUMMYFUNCTION("VLOOKUP($A$1,IMPORTRANGE($A$2, CONCATENATE($A6,""!$B$5:$JB$48"")),EG$1,0)"),"") | EH6: =IFERROR(__xludf.DUMMYFUNCTION("VLOOKUP($A$1,IMPORTRANGE($A$2, CONCATENATE($A6,""!$B$5:$JB$48"")),EH$1,0)"),2.0) -> 2 | EI6: =IFERROR(__xludf.DUMMYFUNCTION("VLOOKUP($A$1,IMPORTRANGE($A$2, CONCATENATE($A6,""!$B$5:$JB$48"")),EI$1,0)"),"") | EJ6: =IFERROR(__xludf.DUMMYFUNCTION("VLOOKUP($A$1,IMPORTRANGE($A$2, CONCATENATE($A6,""!$B$5:$JB$48"")),EJ$1,0)"),"") | EK6: =IFERROR(__xludf.DUMMYFUNCTION("VLOOKUP($A$1,IMPORTRANGE($A$2, CONCATENATE($A6,""!$B$5:$JB$48"")),EK$1,0)"),"") | EL6: =IFERROR(__xludf.DUMMYFUNCTION("VLOOKUP($A$1,IMPORTRANGE($A$2, CONCATENATE($A6,""!$B$5:$JB$48"")),EL$1,0)"),"") | EM6: =IFERROR(__xludf.DUMMYFUNCTION("VLOOKUP($A$1,IMPORTRANGE($A$2, CONCATENATE($A6,""!$B$5:$JB$48"")),EM$1,0)"),"") | EN6: =IFERROR(__xludf.DUMMYFUNCTION("VLOOKUP($A$1,IMPORTRANGE($A$2, CONCATENATE($A6,""!$B$5:$JB$48"")),EN$1,0)"),5.0) -> 5 | EO6: =IFERROR(__xludf.DUMMYFUNCTION("VLOOKUP($A$1,IMPORTRANGE($A$2, CONCATENATE($A6,""!$B$5:$JB$48"")),EO$1,0)"),5.0) -> 5 | EP6: =IFERROR(__xludf.DUMMYFUNCTION("VLOOKUP($A$1,IMPORTRANGE($A$2, CONCATENATE($A6,""!$B$5:$JB$48"")),EP$1,0)"),"") | EQ6: =IFERROR(__xludf.DUMMYFUNCTION("VLOOKUP($A$1,IMPORTRANGE($A$2, CONCATENATE($A6,""!$B$5:$JB$48"")),EQ$1,0)"),"") | ER6: =IFERROR(__xludf.DUMMYFUNCTION("VLOOKUP($A$1,IMPORTRANGE($A$2, CONCATENATE($A6,""!$B$5:$JB$48"")),ER$1,0)"),"") | ES6: =IFERROR(__xludf.DUMMYFUNCTION("VLOOKUP($A$1,IMPORTRANGE($A$2, CONCATENATE($A6,""!$B$5:$JB$48"")),ES$1,0)"),"") | ET6: =IFERROR(__xludf.DUMMYFUNCTION("VLOOKUP($A$1,IMPORTRANGE($A$2, CONCATENATE($A6,""!$B$5:$JB$48"")),ET$1,0)"),"") | EU6: =IFERROR(__xludf.DUMMYFUNCTION("VLOOKUP($A$1,IMPORTRANGE($A$2, CONCATENATE($A6,""!$B$5:$JB$48"")),EU$1,0)"),5.0) -> 5 | EV6: =IFERROR(__xludf.DUMMYFUNCTION("VLOOKUP($A$1,IMPORTRANGE($A$2, CONCATENATE($A6,""!$B$5:$JB$48"")),EV$1,0)"),5.0) -> 5 | EW6: =IFERROR(__xludf.DUMMYFUNCTION("VLOOKUP($A$1,IMPORTRANGE($A$2, CONCATENATE($A6,""!$B$5:$JB$48"")),EW$1,0)"),"") | EX6: =IFERROR(__xludf.DUMMYFUNCTION("VLOOKUP($A$1,IMPORTRANGE($A$2, CONCATENATE($A6,""!$B$5:$JB$48"")),EX$1,0)"),"") | EY6: =IFERROR(__xludf.DUMMYFUNCTION("VLOOKUP($A$1,IMPORTRANGE($A$2, CONCATENATE($A6,""!$B$5:$JB$48"")),EY$1,0)"),"") | EZ6: =IFERROR(__xludf.DUMMYFUNCTION("VLOOKUP($A$1,IMPORTRANGE($A$2, CONCATENATE($A6,""!$B$5:$JB$48"")),EZ$1,0)"),"") | FA6: =IFERROR(__xludf.DUMMYFUNCTION("VLOOKUP($A$1,IMPORTRANGE($A$2, CONCATENATE($A6,""!$B$5:$JB$48"")),FA$1,0)"),"") | FB6: =IFERROR(__xludf.DUMMYFUNCTION("VLOOKUP($A$1,IMPORTRANGE($A$2, CONCATENATE($A6,""!$B$5:$JB$48"")),FB$1,0)"),5.0) -> 5 | FC6: =IFERROR(__xludf.DUMMYFUNCTION("VLOOKUP($A$1,IMPORTRANGE($A$2, CONCATENATE($A6,""!$B$5:$JB$48"")),FC$1,0)"),"") | FD6: =IFERROR(__xludf.DUMMYFUNCTION("VLOOKUP($A$1,IMPORTRANGE($A$2, CONCATENATE($A6,""!$B$5:$JB$48"")),FD$1,0)"),"") | FE6: =IFERROR(__xludf.DUMMYFUNCTION("VLOOKUP($A$1,IMPORTRANGE($A$2, CONCATENATE($A6,""!$B$5:$JB$48"")),FE$1,0)"),"") | FF6: =IFERROR(__xludf.DUMMYFUNCTION("VLOOKUP($A$1,IMPORTRANGE($A$2, CONCATENATE($A6,""!$B$5:$JB$48"")),FF$1,0)"),"") | FG6: =IFERROR(__xludf.DUMMYFUNCTION("VLOOKUP($A$1,IMPORTRANGE($A$2, CONCATENATE($A6,""!$B$5:$JB$48"")),FG$1,0)"),"") | FH6: =IFERROR(__xludf.DUMMYFUNCTION("VLOOKUP($A$1,IMPORTRANGE($A$2, CONCATENATE($A6,""!$B$5:$JB$48"")),FH$1,0)"),"") | FI6: =IFERROR(__xludf.DUMMYFUNCTION("VLOOKUP($A$1,IMPORTRANGE($A$2, CONCATENATE($A6,""!$B$5:$JB$48"")),FI$1,0)"),5.0) -> 5 | FJ6: =IFERROR(__xludf.DUMMYFUNCTION("VLOOKUP($A$1,IMPORTRANGE($A$2, CONCATENATE($A6,""!$B$5:$JB$48"")),FJ$1,0)"),"") | FK6: =IFERROR(__xludf.DUMMYFUNCTION("VLOOKUP($A$1,IMPORTRANGE($A$2, CONCATENATE($A6,""!$B$5:$JB$48"")),FK$1,0)"),"") | FL6: =IFERROR(__xludf.DUMMYFUNCTION("VLOOKUP($A$1,IMPORTRANGE($A$2, CONCATENATE($A6,""!$B$5:$JB$48"")),FL$1,0)"),"") | FM6: =IFERROR(__xludf.DUMMYFUNCTION("VLOOKUP($A$1,IMPORTRANGE($A$2, CONCATENATE($A6,""!$B$5:$JB$48"")),FM$1,0)"),"") | FN6: =IFERROR(__xludf.DUMMYFUNCTION("VLOOKUP($A$1,IMPORTRANGE($A$2, CONCATENATE($A6,""!$B$5:$JB$48"")),FN$1,0)"),"") | FO6: =IFERROR(__xludf.DUMMYFUNCTION("VLOOKUP($A$1,IMPORTRANGE($A$2, CONCATENATE($A6,""!$B$5:$JB$48"")),FO$1,0)"),"") | FP6: =IFERROR(__xludf.DUMMYFUNCTION("VLOOKUP($A$1,IMPORTRANGE($A$2, CONCATENATE($A6,""!$B$5:$JB$48"")),FP$1,0)"),"") | FQ6: =IFERROR(__xludf.DUMMYFUNCTION("VLOOKUP($A$1,IMPORTRANGE($A$2, CONCATENATE($A6,""!$B$5:$JB$48"")),FQ$1,0)"),"") | FR6: =IFERROR(__xludf.DUMMYFUNCTION("VLOOKUP($A$1,IMPORTRANGE($A$2, CONCATENATE($A6,""!$B$5:$JB$48"")),FR$1,0)"),"") | FS6: =IFERROR(__xludf.DUMMYFUNCTION("VLOOKUP($A$1,IMPORTRANGE($A$2, CONCATENATE($A6,""!$B$5:$JB$48"")),FS$1,0)"),"") | FT6: =IFERROR(__xludf.DUMMYFUNCTION("VLOOKUP($A$1,IMPORTRANGE($A$2, CONCATENATE($A6,""!$B$5:$JB$48"")),FT$1,0)"),"") | FU6: =IFERROR(__xludf.DUMMYFUNCTION("VLOOKUP($A$1,IMPORTRANGE($A$2, CONCATENATE($A6,""!$B$5:$JB$48"")),FU$1,0)"),"") | FV6: =IFERROR(__xludf.DUMMYFUNCTION("VLOOKUP($A$1,IMPORTRANGE($A$2, CONCATENATE($A6,""!$B$5:$JB$48"")),FV$1,0)"),"") | FW6: =IFERROR(__xludf.DUMMYFUNCTION("VLOOKUP($A$1,IMPORTRANGE($A$2, CONCATENATE($A6,""!$B$5:$JB$48"")),FW$1,0)"),"") | FX6: =IFERROR(__xludf.DUMMYFUNCTION("VLOOKUP($A$1,IMPORTRANGE($A$2, CONCATENATE($A6,""!$B$5:$JB$48"")),FX$1,0)"),4.0) -> 4 | FY6: =IFERROR(__xludf.DUMMYFUNCTION("VLOOKUP($A$1,IMPORTRANGE($A$2, CONCATENATE($A6,""!$B$5:$JB$48"")),FY$1,0)"),"") | FZ6: =IFERROR(__xludf.DUMMYFUNCTION("VLOOKUP($A$1,IMPORTRANGE($A$2, CONCATENATE($A6,""!$B$5:$JB$48"")),FZ$1,0)"),"") | GA6: =IFERROR(__xludf.DUMMYFUNCTION("VLOOKUP($A$1,IMPORTRANGE($A$2, CONCATENATE($A6,""!$B$5:$JB$48"")),GA$1,0)"),"") | GB6: =IFERROR(__xludf.DUMMYFUNCTION("VLOOKUP($A$1,IMPORTRANGE($A$2, CONCATENATE($A6,""!$B$5:$JB$48"")),GB$1,0)"),"") | GC6: =IFERROR(__xludf.DUMMYFUNCTION("VLOOKUP($A$1,IMPORTRANGE($A$2, CONCATENATE($A6,""!$B$5:$JB$48"")),GC$1,0)"),"") | GD6: =IFERROR(__xludf.DUMMYFUNCTION("VLOOKUP($A$1,IMPORTRANGE($A$2, CONCATENATE($A6,""!$B$5:$JB$48"")),GD$1,0)"),"") | GE6: =IFERROR(__xludf.DUMMYFUNCTION("VLOOKUP($A$1,IMPORTRANGE($A$2, CONCATENATE($A6,""!$B$5:$JB$48"")),GE$1,0)"),"") | GF6: =IFERROR(__xludf.DUMMYFUNCTION("VLOOKUP($A$1,IMPORTRANGE($A$2, CONCATENATE($A6,""!$B$5:$JB$48"")),GF$1,0)"),4.0) -> 4 | GG6: =IFERROR(__xludf.DUMMYFUNCTION("VLOOKUP($A$1,IMPORTRANGE($A$2, CONCATENATE($A6,""!$B$5:$JB$48"")),GG$1,0)"),"") | GH6: =IFERROR(__xludf.DUMMYFUNCTION("VLOOKUP($A$1,IMPORTRANGE($A$2, CONCATENATE($A6,""!$B$5:$JB$48"")),GH$1,0)"),"") | GI6: =IFERROR(__xludf.DUMMYFUNCTION("VLOOKUP($A$1,IMPORTRANGE($A$2, CONCATENATE($A6,""!$B$5:$JB$48"")),GI$1,0)"),"") | GJ6: =IFERROR(__xludf.DUMMYFUNCTION("VLOOKUP($A$1,IMPORTRANGE($A$2, CONCATENATE($A6,""!$B$5:$JB$48"")),GJ$1,0)"),"") | GK6: =IFERROR(__xludf.DUMMYFUNCTION("VLOOKUP($A$1,IMPORTRANGE($A$2, CONCATENATE($A6,""!$B$5:$JB$48"")),GK$1,0)"),"") | GL6: =IFERROR(__xludf.DUMMYFUNCTION("VLOOKUP($A$1,IMPORTRANGE($A$2, CONCATENATE($A6,""!$B$5:$JB$48"")),GL$1,0)"),"") | GM6: =IFERROR(__xludf.DUMMYFUNCTION("VLOOKUP($A$1,IMPORTRANGE($A$2, CONCATENATE($A6,""!$B$5:$JB$48"")),GM$1,0)"),"") | GN6: =IFERROR(__xludf.DUMMYFUNCTION("VLOOKUP($A$1,IMPORTRANGE($A$2, CONCATENATE($A6,""!$B$5:$JB$48"")),GN$1,0)"),"") | GO6: =IFERROR(__xludf.DUMMYFUNCTION("VLOOKUP($A$1,IMPORTRANGE($A$2, CONCATENATE($A6,""!$B$5:$JB$48"")),GO$1,0)"),"") | GP6: =IFERROR(__xludf.DUMMYFUNCTION("VLOOKUP($A$1,IMPORTRANGE($A$2, CONCATENATE($A6,""!$B$5:$JB$48"")),GP$1,0)"),"") | GQ6: =IFERROR(__xludf.DUMMYFUNCTION("VLOOKUP($A$1,IMPORTRANGE($A$2, CONCATENATE($A6,""!$B$5:$JB$48"")),GQ$1,0)"),"") | GR6: =IFERROR(__xludf.DUMMYFUNCTION("VLOOKUP($A$1,IMPORTRANGE($A$2, CONCATENATE($A6,""!$B$5:$JB$48"")),GR$1,0)"),"") | GS6: =IFERROR(__xludf.DUMMYFUNCTION("VLOOKUP($A$1,IMPORTRANGE($A$2, CONCATENATE($A6,""!$B$5:$JB$48"")),GS$1,0)"),"") | GT6: =IFERROR(__xludf.DUMMYFUNCTION("VLOOKUP($A$1,IMPORTRANGE($A$2, CONCATENATE($A6,""!$B$5:$JB$48"")),GT$1,0)"),"") | GU6: =IFERROR(__xludf.DUMMYFUNCTION("VLOOKUP($A$1,IMPORTRANGE($A$2, CONCATENATE($A6,""!$B$5:$JB$48"")),GU$1,0)"),"") | GV6: =IFERROR(__xludf.DUMMYFUNCTION("VLOOKUP($A$1,IMPORTRANGE($A$2, CONCATENATE($A6,""!$B$5:$JB$48"")),GV$1,0)"),"") | GW6: =IFERROR(__xludf.DUMMYFUNCTION("VLOOKUP($A$1,IMPORTRANGE($A$2, CONCATENATE($A6,""!$B$5:$JB$48"")),GW$1,0)"),"") | GX6: =IFERROR(__xludf.DUMMYFUNCTION("VLOOKUP($A$1,IMPORTRANGE($A$2, CONCATENATE($A6,""!$B$5:$JB$48"")),GX$1,0)"),"") | GY6: =IFERROR(__xludf.DUMMYFUNCTION("VLOOKUP($A$1,IMPORTRANGE($A$2, CONCATENATE($A6,""!$B$5:$JB$48"")),GY$1,0)"),"") | GZ6: =IFERROR(__xludf.DUMMYFUNCTION("VLOOKUP($A$1,IMPORTRANGE($A$2, CONCATENATE($A6,""!$B$5:$JB$48"")),GZ$1,0)"),"") | HA6: =IFERROR(__xludf.DUMMYFUNCTION("VLOOKUP($A$1,IMPORTRANGE($A$2, CONCATENATE($A6,""!$B$5:$JB$48"")),HA$1,0)"),"") | HB6: =IFERROR(__xludf.DUMMYFUNCTION("VLOOKUP($A$1,IMPORTRANGE($A$2, CONCATENATE($A6,""!$B$5:$JB$48"")),HB$1,0)"),"") | HC6: =IFERROR(__xludf.DUMMYFUNCTION("VLOOKUP($A$1,IMPORTRANGE($A$2, CONCATENATE($A6,""!$B$5:$JB$48"")),HC$1,0)"),"") | HD6: =IFERROR(__xludf.DUMMYFUNCTION("VLOOKUP($A$1,IMPORTRANGE($A$2, CONCATENATE($A6,""!$B$5:$JB$48"")),HD$1,0)"),"") | HE6: =IFERROR(__xludf.DUMMYFUNCTION("VLOOKUP($A$1,IMPORTRANGE($A$2, CONCATENATE($A6,""!$B$5:$JB$48"")),HE$1,0)"),"") | HF6: =IFERROR(__xludf.DUMMYFUNCTION("VLOOKUP($A$1,IMPORTRANGE($A$2, CONCATENATE($A6,""!$B$5:$JB$48"")),HF$1,0)"),"") | HG6: =IFERROR(__xludf.DUMMYFUNCTION("VLOOKUP($A$1,IMPORTRANGE($A$2, CONCATENATE($A6,""!$B$5:$JB$48"")),HG$1,0)"),"") | HH6: =IFERROR(__xludf.DUMMYFUNCTION("VLOOKUP($A$1,IMPORTRANGE($A$2, CONCATENATE($A6,""!$B$5:$JB$48"")),HH$1,0)"),"") | HI6: =IFERROR(__xludf.DUMMYFUNCTION("VLOOKUP($A$1,IMPORTRANGE($A$2, CONCATENATE($A6,""!$B$5:$JB$48"")),HI$1,0)"),"") | HJ6: =IFERROR(__xludf.DUMMYFUNCTION("VLOOKUP($A$1,IMPORTRANGE($A$2, CONCATENATE($A6,""!$B$5:$JB$48"")),HJ$1,0)"),"") | HK6: =IFERROR(__xludf.DUMMYFUNCTION("VLOOKUP($A$1,IMPORTRANGE($A$2, CONCATENATE($A6,""!$B$5:$JB$48"")),HK$1,0)"),"") | HL6: =IFERROR(__xludf.DUMMYFUNCTION("VLOOKUP($A$1,IMPORTRANGE($A$2, CONCATENATE($A6,""!$B$5:$JB$48"")),HL$1,0)"),"") | HM6: =IFERROR(__xludf.DUMMYFUNCTION("VLOOKUP($A$1,IMPORTRANGE($A$2, CONCATENATE($A6,""!$B$5:$JB$48"")),HM$1,0)"),"") | HN6: =IFERROR(__xludf.DUMMYFUNCTION("VLOOKUP($A$1,IMPORTRANGE($A$2, CONCATENATE($A6,""!$B$5:$JB$48"")),HN$1,0)"),"") | HO6: =IFERROR(__xludf.DUMMYFUNCTION("VLOOKUP($A$1,IMPORTRANGE($A$2, CONCATENATE($A6,""!$B$5:$JB$48"")),HO$1,0)"),"") | HP6: =IFERROR(__xludf.DUMMYFUNCTION("VLOOKUP($A$1,IMPORTRANGE($A$2, CONCATENATE($A6,""!$B$5:$JB$48"")),HP$1,0)"),"") | HQ6: =IFERROR(__xludf.DUMMYFUNCTION("VLOOKUP($A$1,IMPORTRANGE($A$2, CONCATENATE($A6,""!$B$5:$JB$48"")),HQ$1,0)"),"") | HR6: =IFERROR(__xludf.DUMMYFUNCTION("VLOOKUP($A$1,IMPORTRANGE($A$2, CONCATENATE($A6,""!$B$5:$JB$48"")),HR$1,0)"),"") | HS6: =IFERROR(__xludf.DUMMYFUNCTION("VLOOKUP($A$1,IMPORTRANGE($A$2, CONCATENATE($A6,""!$B$5:$JB$48"")),HS$1,0)"),"") | HT6: =IFERROR(__xludf.DUMMYFUNCTION("VLOOKUP($A$1,IMPORTRANGE($A$2, CONCATENATE($A6,""!$B$5:$JB$48"")),HT$1,0)"),"") | HU6: =IFERROR(__xludf.DUMMYFUNCTION("VLOOKUP($A$1,IMPORTRANGE($A$2, CONCATENATE($A6,""!$B$5:$JB$48"")),HU$1,0)"),"") | HV6: =IFERROR(__xludf.DUMMYFUNCTION("VLOOKUP($A$1,IMPORTRANGE($A$2, CONCATENATE($A6,""!$B$5:$JB$48"")),HV$1,0)"),"") | HW6: =IFERROR(__xludf.DUMMYFUNCTION("VLOOKUP($A$1,IMPORTRANGE($A$2, CONCATENATE($A6,""!$B$5:$JB$48"")),HW$1,0)"),"") | HX6: =IFERROR(__xludf.DUMMYFUNCTION("VLOOKUP($A$1,IMPORTRANGE($A$2, CONCATENATE($A6,""!$B$5:$JB$48"")),HX$1,0)"),"") | HY6: =IFERROR(__xludf.DUMMYFUNCTION("VLOOKUP($A$1,IMPORTRANGE($A$2, CONCATENATE($A6,""!$B$5:$JB$48"")),HY$1,0)"),"") | HZ6: =IFERROR(__xludf.DUMMYFUNCTION("VLOOKUP($A$1,IMPORTRANGE($A$2, CONCATENATE($A6,""!$B$5:$JB$48"")),HZ$1,0)"),"") | IA6: =IFERROR(__xludf.DUMMYFUNCTION("VLOOKUP($A$1,IMPORTRANGE($A$2, CONCATENATE($A6,""!$B$5:$JB$48"")),IA$1,0)"),"") | IB6: =IFERROR(__xludf.DUMMYFUNCTION("VLOOKUP($A$1,IMPORTRANGE($A$2, CONCATENATE($A6,""!$B$5:$JB$48"")),IB$1,0)"),"") | IC6: =IFERROR(__xludf.DUMMYFUNCTION("VLOOKUP($A$1,IMPORTRANGE($A$2, CONCATENATE($A6,""!$B$5:$JB$48"")),IC$1,0)"),"") | ID6: =IFERROR(__xludf.DUMMYFUNCTION("VLOOKUP($A$1,IMPORTRANGE($A$2, CONCATENATE($A6,""!$B$5:$JB$48"")),ID$1,0)"),"") | IE6: =IFERROR(__xludf.DUMMYFUNCTION("VLOOKUP($A$1,IMPORTRANGE($A$2, CONCATENATE($A6,""!$B$5:$JB$48"")),IE$1,0)"),"") | IF6: =IFERROR(__xludf.DUMMYFUNCTION("VLOOKUP($A$1,IMPORTRANGE($A$2, CONCATENATE($A6,""!$B$5:$JB$48"")),IF$1,0)"),"") | IG6: =IFERROR(__xludf.DUMMYFUNCTION("VLOOKUP($A$1,IMPORTRANGE($A$2, CONCATENATE($A6,""!$B$5:$JB$48"")),IG$1,0)"),"") | IH6: =IFERROR(__xludf.DUMMYFUNCTION("VLOOKUP($A$1,IMPORTRANGE($A$2, CONCATENATE($A6,""!$B$5:$JB$48"")),IH$1,0)"),"") | II6: =IFERROR(__xludf.DUMMYFUNCTION("VLOOKUP($A$1,IMPORTRANGE($A$2, CONCATENATE($A6,""!$B$5:$JB$48"")),II$1,0)"),"") | IJ6: =IFERROR(__xludf.DUMMYFUNCTION("VLOOKUP($A$1,IMPORTRANGE($A$2, CONCATENATE($A6,""!$B$5:$JB$48"")),IJ$1,0)"),"") | IK6: =IFERROR(__xludf.DUMMYFUNCTION("VLOOKUP($A$1,IMPORTRANGE($A$2, CONCATENATE($A6,""!$B$5:$JB$48"")),IK$1,0)"),"") | IL6: =IFERROR(__xludf.DUMMYFUNCTION("VLOOKUP($A$1,IMPORTRANGE($A$2, CONCATENATE($A6,""!$B$5:$JB$48"")),IL$1,0)"),"") | IM6: =IFERROR(__xludf.DUMMYFUNCTION("VLOOKUP($A$1,IMPORTRANGE($A$2, CONCATENATE($A6,""!$B$5:$JB$48"")),IM$1,0)"),"") | IN6: =IFERROR(__xludf.DUMMYFUNCTION("VLOOKUP($A$1,IMPORTRANGE($A$2, CONCATENATE($A6,""!$B$5:$JB$48"")),IN$1,0)"),"") | IO6: =IFERROR(__xludf.DUMMYFUNCTION("VLOOKUP($A$1,IMPORTRANGE($A$2, CONCATENATE($A6,""!$B$5:$JB$48"")),IO$1,0)"),"") | IP6: =IFERROR(__xludf.DUMMYFUNCTION("VLOOKUP($A$1,IMPORTRANGE($A$2, CONCATENATE($A6,""!$B$5:$JB$48"")),IP$1,0)"),"") | IQ6: =IFERROR(__xludf.DUMMYFUNCTION("VLOOKUP($A$1,IMPORTRANGE($A$2, CONCATENATE($A6,""!$B$5:$JB$48"")),IQ$1,0)"),"") | IR6: =IFERROR(__xludf.DUMMYFUNCTION("VLOOKUP($A$1,IMPORTRANGE($A$2, CONCATENATE($A6,""!$B$5:$JB$48"")),IR$1,0)"),"") | IS6: =IFERROR(__xludf.DUMMYFUNCTION("VLOOKUP($A$1,IMPORTRANGE($A$2, CONCATENATE($A6,""!$B$5:$JB$48"")),IS$1,0)"),"") | IT6: =IFERROR(__xludf.DUMMYFUNCTION("VLOOKUP($A$1,IMPORTRANGE($A$2, CONCATENATE($A6,""!$B$5:$JB$48"")),IT$1,0)"),"") | IU6: =IFERROR(__xludf.DUMMYFUNCTION("VLOOKUP($A$1,IMPORTRANGE($A$2, CONCATENATE($A6,""!$B$5:$JB$48"")),IU$1,0)"),"") | IV6: =IFERROR(__xludf.DUMMYFUNCTION("VLOOKUP($A$1,IMPORTRANGE($A$2, CONCATENATE($A6,""!$B$5:$JB$48"")),IV$1,0)"),"") | IW6: =IFERROR(__xludf.DUMMYFUNCTION("VLOOKUP($A$1,IMPORTRANGE($A$2, CONCATENATE($A6,""!$B$5:$JB$48"")),IW$1,0)"),45909.0) -> 45909 | IX6: =IFERROR(__xludf.DUMMYFUNCTION("VLOOKUP($A$1,IMPORTRANGE($A$2, CONCATENATE($A6,""!$B$5:$JB$48"")),IX$1,0)"),"Абдулла Каххар. «Сказки о былом».") -> Абдулла Каххар. «Сказки о былом». | IY6: =IFERROR(__xludf.DUMMYFUNCTION("VLOOKUP($A$1,IMPORTRANGE($A$2, CONCATENATE($A6,""!$B$5:$JB$48"")),IY$1,0)"),"Кластер ""традиции""") -> Кластер "традиции" | IZ6: =IFERROR(__xludf.DUMMYFUNCTION("VLOOKUP($A$1,IMPORTRANGE($A$2, CONCATENATE($A6,""!$B$5:$JB$48"")),IZ$1,0)"),45979.0) -> 45979 | JA6: =IFERROR(__xludf.DUMMYFUNCTION("VLOOKUP($A$1,IMPORTRANGE($A$2, CONCATENATE($A6,""!$B$5:$JB$48"")),JA$1,0)"),"Народные песни. Общее понятие.") -> Народные песни. Общее понятие.
B8: =IFERROR(__xludf.DUMMYFUNCTION("IMPORTRANGE($A$2, CONCATENATE($A9,""!C4:JB4""))"),45901.0) -> 45901 | C8: =IFERROR(__xludf.DUMMYFUNCTION("""COMPUTED_VALUE"""),45904.0) -> 45904 | D8: =IFERROR(__xludf.DUMMYFUNCTION("""COMPUTED_VALUE"""),45906.0) -> 45906 | I8: =IFERROR(__xludf.DUMMYFUNCTION("""COMPUTED_VALUE"""),45911.0) -> 45911 | J8: =IFERROR(__xludf.DUMMYFUNCTION("""COMPUTED_VALUE"""),45912.0) -> 45912 | K8: =IFERROR(__xludf.DUMMYFUNCTION("""COMPUTED_VALUE"""),45913.0) -> 45913 | P8: =IFERROR(__xludf.DUMMYFUNCTION("""COMPUTED_VALUE"""),45918.0) -> 45918 | Q8: =IFERROR(__xludf.DUMMYFUNCTION("""COMPUTED_VALUE"""),45919.0) -> 45919 | R8: =IFERROR(__xludf.DUMMYFUNCTION("""COMPUTED_VALUE"""),45920.0) -> 45920 | W8: =IFERROR(__xludf.DUMMYFUNCTION("""COMPUTED_VALUE"""),45925.0) -> 45925 | X8: =IFERROR(__xludf.DUMMYFUNCTION("""COMPUTED_VALUE"""),45926.0) -> 45926 | Y8: =IFERROR(__xludf.DUMMYFUNCTION("""COMPUTED_VALUE"""),45927.0) -> 45927 | AD8: =IFERROR(__xludf.DUMMYFUNCTION("""COMPUTED_VALUE"""),45932.0) -> 45932 | AE8: =IFERROR(__xludf.DUMMYFUNCTION("""COMPUTED_VALUE"""),45933.0) -> 45933 | AF8: =IFERROR(__xludf.DUMMYFUNCTION("""COMPUTED_VALUE"""),45934.0) -> 45934 | AK8: =IFERROR(__xludf.DUMMYFUNCTION("""COMPUTED_VALUE"""),45939.0) -> 45939 | AL8: =IFERROR(__xludf.DUMMYFUNCTION("""COMPUTED_VALUE"""),45940.0) -> 45940 | AM8: =IFERROR(__xludf.DUMMYFUNCTION("""COMPUTED_VALUE"""),45941.0) -> 45941 | AN8: =IFERROR(__xludf.DUMMYFUNCTION("""COMPUTED_VALUE"""),45946.0) -> 45946 | AO8: =IFERROR(__xludf.DUMMYFUNCTION("""COMPUTED_VALUE"""),45947.0) -> 45947 | AP8: =IFERROR(__xludf.DUMMYFUNCTION("""COMPUTED_VALUE"""),45948.0) -> 45948 | AQ8: =IFERROR(__xludf.DUMMYFUNCTION("""COMPUTED_VALUE"""),45953.0) -> 45953 | AR8: =IFERROR(__xludf.DUMMYFUNCTION("""COMPUTED_VALUE"""),45954.0) -> 45954 | AS8: =IFERROR(__xludf.DUMMYFUNCTION("""COMPUTED_VALUE"""),45955.0) -> 45955 | AT8: =IFERROR(__xludf.DUMMYFUNCTION("""COMPUTED_VALUE"""),45960.0) -> 45960 | AW8: =IFERROR(__xludf.DUMMYFUNCTION("""COMPUTED_VALUE"""),45961.0) -> 45961 | BB8: =IFERROR(__xludf.DUMMYFUNCTION("""COMPUTED_VALUE"""),"1 четверть") -> 1 четверть | BC8: =IFERROR(__xludf.DUMMYFUNCTION("""COMPUTED_VALUE"""),45974.0) -> 45974 | BD8: =IFERROR(__xludf.DUMMYFUNCTION("""COMPUTED_VALUE"""),45975.0) -> 45975 | BE8: =IFERROR(__xludf.DUMMYFUNCTION("""COMPUTED_VALUE"""),45976.0) -> 45976 | BJ8: =IFERROR(__xludf.DUMMYFUNCTION("""COMPUTED_VALUE"""),45981.0) -> 45981 | BK8: =IFERROR(__xludf.DUMMYFUNCTION("""COMPUTED_VALUE"""),45982.0) -> 45982 | BL8: =IFERROR(__xludf.DUMMYFUNCTION("""COMPUTED_VALUE"""),45983.0) -> 45983 | BQ8: =IFERROR(__xludf.DUMMYFUNCTION("""COMPUTED_VALUE"""),45988.0) -> 45988 | BR8: =IFERROR(__xludf.DUMMYFUNCTION("""COMPUTED_VALUE"""),45989.0) -> 45989 | BS8: =IFERROR(__xludf.DUMMYFUNCTION("""COMPUTED_VALUE"""),45990.0) -> 45990 | BX8: =IFERROR(__xludf.DUMMYFUNCTION("""COMPUTED_VALUE"""),45995.0) -> 45995 | BY8: =IFERROR(__xludf.DUMMYFUNCTION("""COMPUTED_VALUE"""),45996.0) -> 45996 | BZ8: =IFERROR(__xludf.DUMMYFUNCTION("""COMPUTED_VALUE"""),45997.0) -> 45997 | CE8: =IFERROR(__xludf.DUMMYFUNCTION("""COMPUTED_VALUE"""),46002.0) -> 46002 | CF8: =IFERROR(__xludf.DUMMYFUNCTION("""COMPUTED_VALUE"""),46003.0) -> 46003 | CG8: =IFERROR(__xludf.DUMMYFUNCTION("""COMPUTED_VALUE"""),46004.0) -> 46004 | CH8: =IFERROR(__xludf.DUMMYFUNCTION("""COMPUTED_VALUE"""),46009.0) -> 46009 | CI8: =IFERROR(__xludf.DUMMYFUNCTION("""COMPUTED_VALUE"""),46010.0) -> 46010 | CL8: =IFERROR(__xludf.DUMMYFUNCTION("""COMPUTED_VALUE"""),46011.0) -> 46011 | CM8: =IFERROR(__xludf.DUMMYFUNCTION("""COMPUTED_VALUE"""),46016.0) -> 46016 | CS8: =IFERROR(__xludf.DUMMYFUNCTION("""COMPUTED_VALUE"""),"2 четверть") -> 2 четверть | CT8: =IFERROR(__xludf.DUMMYFUNCTION("""COMPUTED_VALUE"""),46037.0) -> 46037 | CU8: =IFERROR(__xludf.DUMMYFUNCTION("""COMPUTED_VALUE"""),46038.0) -> 46038 | CV8: =IFERROR(__xludf.DUMMYFUNCTION("""COMPUTED_VALUE"""),46039.0) -> 46039 | DA8: =IFERROR(__xludf.DUMMYFUNCTION("""COMPUTED_VALUE"""),46044.0) -> 46044 | DB8: =IFERROR(__xludf.DUMMYFUNCTION("""COMPUTED_VALUE"""),46045.0) -> 46045 | DC8: =IFERROR(__xludf.DUMMYFUNCTION("""COMPUTED_VALUE"""),46046.0) -> 46046 | DH8: =IFERROR(__xludf.DUMMYFUNCTION("""COMPUTED_VALUE"""),46050.0) -> 46050 | DI8: =IFERROR(__xludf.DUMMYFUNCTION("""COMPUTED_VALUE"""),46051.0) -> 46051 | DJ8: =IFERROR(__xludf.DUMMYFUNCTION("""COMPUTED_VALUE"""),46052.0) -> 46052 | DK8: =IFERROR(__xludf.DUMMYFUNCTION("""COMPUTED_VALUE"""),46053.0) -> 46053 | DL8: =IFERROR(__xludf.DUMMYFUNCTION("""COMPUTED_VALUE"""),46058.0) -> 46058 | DM8: =IFERROR(__xludf.DUMMYFUNCTION("""COMPUTED_VALUE"""),46059.0) -> 46059 | DN8: =IFERROR(__xludf.DUMMYFUNCTION("""COMPUTED_VALUE"""),46060.0) -> 46060 | DO8: =IFERROR(__xludf.DUMMYFUNCTION("""COMPUTED_VALUE"""),46065.0) -> 46065 | DP8: =IFERROR(__xludf.DUMMYFUNCTION("""COMPUTED_VALUE"""),46066.0) -> 46066 | DQ8: =IFERROR(__xludf.DUMMYFUNCTION("""COMPUTED_VALUE"""),46067.0) -> 46067 | DR8: =IFERROR(__xludf.DUMMYFUNCTION("""COMPUTED_VALUE"""),46072.0) -> 46072 | DS8: =IFERROR(__xludf.DUMMYFUNCTION("""COMPUTED_VALUE"""),46073.0) -> 46073 | DT8: =IFERROR(__xludf.DUMMYFUNCTION("""COMPUTED_VALUE"""),46074.0) -> 46074 | DU8: =IFERROR(__xludf.DUMMYFUNCTION("""COMPUTED_VALUE"""),46079.0) -> 46079 | DV8: =IFERROR(__xludf.DUMMYFUNCTION("""COMPUTED_VALUE"""),46080.0) -> 46080 | DW8: =IFERROR(__xludf.DUMMYFUNCTION("""COMPUTED_VALUE"""),46081.0) -> 46081 | DX8: =IFERROR(__xludf.DUMMYFUNCTION("""COMPUTED_VALUE"""),46086.0) -> 46086 | DY8: =IFERROR(__xludf.DUMMYFUNCTION("""COMPUTED_VALUE"""),46087.0) -> 46087 | DZ8: =IFERROR(__xludf.DUMMYFUNCTION("""COMPUTED_VALUE"""),46088.0) -> 46088 | EA8: =IFERROR(__xludf.DUMMYFUNCTION("""COMPUTED_VALUE"""),46093.0) -> 46093 | EB8: =IFERROR(__xludf.DUMMYFUNCTION("""COMPUTED_VALUE"""),46094.0) -> 46094 | EC8: =IFERROR(__xludf.DUMMYFUNCTION("""COMPUTED_VALUE"""),46095.0) -> 46095 | FM8: =IFERROR(__xludf.DUMMYFUNCTION("""COMPUTED_VALUE"""),"3 четверть") -> 3 четверть | HY8: =IFERROR(__xludf.DUMMYFUNCTION("""COMPUTED_VALUE"""),"4 четверть") -> 4 четверть | HZ8: =IFERROR(__xludf.DUMMYFUNCTION("""COMPUTED_VALUE"""),"год") -> год | IA8: =IFERROR(__xludf.DUMMYFUNCTION("""COMPUTED_VALUE"""),"рейтинг") -> рейтинг | ID8: =IFERROR(__xludf.DUMMYFUNCTION("""COMPUTED_VALUE"""),"Дата") -> Дата | IE8: =IFERROR(__xludf.DUMMYFUNCTION("""COMPUTED_VALUE"""),"Тема урока") -> Тема урока | IF8: =IFERROR(__xludf.DUMMYFUNCTION("""COMPUTED_VALUE"""),"Домашнее задание") -> Домашнее задание | IG8: =IFERROR(__xludf.DUMMYFUNCTION("""COMPUTED_VALUE"""),"Дата") -> Дата | IH8: =IFERROR(__xludf.DUMMYFUNCTION("""COMPUTED_VALUE"""),"Тема урока") -> Тема урока | II8: =IFERROR(__xludf.DUMMYFUNCTION("""COMPUTED_VALUE"""),"Домашнее задание") -> Домашнее задание | IJ8: =IFERROR(__xludf.DUMMYFUNCTION("""COMPUTED_VALUE"""),"Дата") -> Дата | IK8: =IFERROR(__xludf.DUMMYFUNCTION("""COMPUTED_VALUE"""),"Тема урока") -> Тема урока | IL8: =IFERROR(__xludf.DUMMYFUNCTION("""COMPUTED_VALUE"""),"Домашнее задание") -> Домашнее задание | IM8: =IFERROR(__xludf.DUMMYFUNCTION("""COMPUTED_VALUE"""),"Дата") -> Дата | IN8: =IFERROR(__xludf.DUMMYFUNCTION("""COMPUTED_VALUE"""),"Тема урока") -> Тема урока | IO8: =IFERROR(__xludf.DUMMYFUNCTION("""COMPUTED_VALUE"""),"Домашнее задание") -> Домашнее задание
A9: Узбекский язык | B9: =IFERROR(__xludf.DUMMYFUNCTION("VLOOKUP($A$1,IMPORTRANGE($A$2, CONCATENATE($A9,""!$B$5:$JB$48"")),B$1,0)"),"") | C9: =IFERROR(__xludf.DUMMYFUNCTION("VLOOKUP($A$1,IMPORTRANGE($A$2, CONCATENATE($A9,""!$B$5:$JB$48"")),C$1,0)"),"") | D9: =IFERROR(__xludf.DUMMYFUNCTION("VLOOKUP($A$1,IMPORTRANGE($A$2, CONCATENATE($A9,""!$B$5:$JB$48"")),D$1,0)"),"") | E9: =IFERROR(__xludf.DUMMYFUNCTION("VLOOKUP($A$1,IMPORTRANGE($A$2, CONCATENATE($A9,""!$B$5:$JB$48"")),E$1,0)"),"") | F9: =IFERROR(__xludf.DUMMYFUNCTION("VLOOKUP($A$1,IMPORTRANGE($A$2, CONCATENATE($A9,""!$B$5:$JB$48"")),F$1,0)"),"") | G9: =IFERROR(__xludf.DUMMYFUNCTION("VLOOKUP($A$1,IMPORTRANGE($A$2, CONCATENATE($A9,""!$B$5:$JB$48"")),G$1,0)"),"") | H9: =IFERROR(__xludf.DUMMYFUNCTION("VLOOKUP($A$1,IMPORTRANGE($A$2, CONCATENATE($A9,""!$B$5:$JB$48"")),H$1,0)"),"") | I9: =IFERROR(__xludf.DUMMYFUNCTION("VLOOKUP($A$1,IMPORTRANGE($A$2, CONCATENATE($A9,""!$B$5:$JB$48"")),I$1,0)"),"") | J9: =IFERROR(__xludf.DUMMYFUNCTION("VLOOKUP($A$1,IMPORTRANGE($A$2, CONCATENATE($A9,""!$B$5:$JB$48"")),J$1,0)"),"") | K9: =IFERROR(__xludf.DUMMYFUNCTION("VLOOKUP($A$1,IMPORTRANGE($A$2, CONCATENATE($A9,""!$B$5:$JB$48"")),K$1,0)"),"") | L9: =IFERROR(__xludf.DUMMYFUNCTION("VLOOKUP($A$1,IMPORTRANGE($A$2, CONCATENATE($A9,""!$B$5:$JB$48"")),L$1,0)"),"") | M9: =IFERROR(__xludf.DUMMYFUNCTION("VLOOKUP($A$1,IMPORTRANGE($A$2, CONCATENATE($A9,""!$B$5:$JB$48"")),M$1,0)"),"") | N9: =IFERROR(__xludf.DUMMYFUNCTION("VLOOKUP($A$1,IMPORTRANGE($A$2, CONCATENATE($A9,""!$B$5:$JB$48"")),N$1,0)"),"") | O9: =IFERROR(__xludf.DUMMYFUNCTION("VLOOKUP($A$1,IMPORTRANGE($A$2, CONCATENATE($A9,""!$B$5:$JB$48"")),O$1,0)"),"") | P9: =IFERROR(__xludf.DUMMYFUNCTION("VLOOKUP($A$1,IMPORTRANGE($A$2, CONCATENATE($A9,""!$B$5:$JB$48"")),P$1,0)"),"") | Q9: =IFERROR(__xludf.DUMMYFUNCTION("VLOOKUP($A$1,IMPORTRANGE($A$2, CONCATENATE($A9,""!$B$5:$JB$48"")),Q$1,0)"),"") | R9: =IFERROR(__xludf.DUMMYFUNCTION("VLOOKUP($A$1,IMPORTRANGE($A$2, CONCATENATE($A9,""!$B$5:$JB$48"")),R$1,0)"),3.0) -> 3 | S9: =IFERROR(__xludf.DUMMYFUNCTION("VLOOKUP($A$1,IMPORTRANGE($A$2, CONCATENATE($A9,""!$B$5:$JB$48"")),S$1,0)"),"") | T9: =IFERROR(__xludf.DUMMYFUNCTION("VLOOKUP($A$1,IMPORTRANGE($A$2, CONCATENATE($A9,""!$B$5:$JB$48"")),T$1,0)"),"") | U9: =IFERROR(__xludf.DUMMYFUNCTION("VLOOKUP($A$1,IMPORTRANGE($A$2, CONCATENATE($A9,""!$B$5:$JB$48"")),U$1,0)"),"") | V9: =IFERROR(__xludf.DUMMYFUNCTION("VLOOKUP($A$1,IMPORTRANGE($A$2, CONCATENATE($A9,""!$B$5:$JB$48"")),V$1,0)"),"") | W9: =IFERROR(__xludf.DUMMYFUNCTION("VLOOKUP($A$1,IMPORTRANGE($A$2, CONCATENATE($A9,""!$B$5:$JB$48"")),W$1,0)"),"") | X9: =IFERROR(__xludf.DUMMYFUNCTION("VLOOKUP($A$1,IMPORTRANGE($A$2, CONCATENATE($A9,""!$B$5:$JB$48"")),X$1,0)"),"") | Y9: =IFERROR(__xludf.DUMMYFUNCTION("VLOOKUP($A$1,IMPORTRANGE($A$2, CONCATENATE($A9,""!$B$5:$JB$48"")),Y$1,0)"),"") | Z9: =IFERROR(__xludf.DUMMYFUNCTION("VLOOKUP($A$1,IMPORTRANGE($A$2, CONCATENATE($A9,""!$B$5:$JB$48"")),Z$1,0)"),"") | AA9: =IFERROR(__xludf.DUMMYFUNCTION("VLOOKUP($A$1,IMPORTRANGE($A$2, CONCATENATE($A9,""!$B$5:$JB$48"")),AA$1,0)"),"") | AB9: =IFERROR(__xludf.DUMMYFUNCTION("VLOOKUP($A$1,IMPORTRANGE($A$2, CONCATENATE($A9,""!$B$5:$JB$48"")),AB$1,0)"),"") | AC9: =IFERROR(__xludf.DUMMYFUNCTION("VLOOKUP($A$1,IMPORTRANGE($A$2, CONCATENATE($A9,""!$B$5:$JB$48"")),AC$1,0)"),"") | AD9: =IFERROR(__xludf.DUMMYFUNCTION("VLOOKUP($A$1,IMPORTRANGE($A$2, CONCATENATE($A9,""!$B$5:$JB$48"")),AD$1,0)"),4.0) -> 4 | AE9: =IFERROR(__xludf.DUMMYFUNCTION("VLOOKUP($A$1,IMPORTRANGE($A$2, CONCATENATE($A9,""!$B$5:$JB$48"")),AE$1,0)"),"") | AF9: =IFERROR(__xludf.DUMMYFUNCTION("VLOOKUP($A$1,IMPORTRANGE($A$2, CONCATENATE($A9,""!$B$5:$JB$48"")),AF$1,0)"),"") | AG9: =IFERROR(__xludf.DUMMYFUNCTION("VLOOKUP($A$1,IMPORTRANGE($A$2, CONCATENATE($A9,""!$B$5:$JB$48"")),AG$1,0)"),"") | AH9: =IFERROR(__xludf.DUMMYFUNCTION("VLOOKUP($A$1,IMPORTRANGE($A$2, CONCATENATE($A9,""!$B$5:$JB$48"")),AH$1,0)"),"") | AI9: =IFERROR(__xludf.DUMMYFUNCTION("VLOOKUP($A$1,IMPORTRANGE($A$2, CONCATENATE($A9,""!$B$5:$JB$48"")),AI$1,0)"),"") | AJ9: =IFERROR(__xludf.DUMMYFUNCTION("VLOOKUP($A$1,IMPORTRANGE($A$2, CONCATENATE($A9,""!$B$5:$JB$48"")),AJ$1,0)"),"") | AK9: =IFERROR(__xludf.DUMMYFUNCTION("VLOOKUP($A$1,IMPORTRANGE($A$2, CONCATENATE($A9,""!$B$5:$JB$48"")),AK$1,0)"),"") | AL9: =IFERROR(__xludf.DUMMYFUNCTION("VLOOKUP($A$1,IMPORTRANGE($A$2, CONCATENATE($A9,""!$B$5:$JB$48"")),AL$1,0)"),4.0) -> 4 | AM9: =IFERROR(__xludf.DUMMYFUNCTION("VLOOKUP($A$1,IMPORTRANGE($A$2, CONCATENATE($A9,""!$B$5:$JB$48"")),AM$1,0)"),"") | AN9: =IFERROR(__xludf.DUMMYFUNCTION("VLOOKUP($A$1,IMPORTRANGE($A$2, CONCATENATE($A9,""!$B$5:$JB$48"")),AN$1,0)"),"") | AO9: =IFERROR(__xludf.DUMMYFUNCTION("VLOOKUP($A$1,IMPORTRANGE($A$2, CONCATENATE($A9,""!$B$5:$JB$48"")),AO$1,0)"),"") | AP9: =IFERROR(__xludf.DUMMYFUNCTION("VLOOKUP($A$1,IMPORTRANGE($A$2, CONCATENATE($A9,""!$B$5:$JB$48"")),AP$1,0)"),"") | AQ9: =IFERROR(__xludf.DUMMYFUNCTION("VLOOKUP($A$1,IMPORTRANGE($A$2, CONCATENATE($A9,""!$B$5:$JB$48"")),AQ$1,0)"),"") | AR9: =IFERROR(__xludf.DUMMYFUNCTION("VLOOKUP($A$1,IMPORTRANGE($A$2, CONCATENATE($A9,""!$B$5:$JB$48"")),AR$1,0)"),"") | AS9: =IFERROR(__xludf.DUMMYFUNCTION("VLOOKUP($A$1,IMPORTRANGE($A$2, CONCATENATE($A9,""!$B$5:$JB$48"")),AS$1,0)"),3.0) -> 3 | AT9: =IFERROR(__xludf.DUMMYFUNCTION("VLOOKUP($A$1,IMPORTRANGE($A$2, CONCATENATE($A9,""!$B$5:$JB$48"")),AT$1,0)"),3.0) -> 3 | AU9: =IFERROR(__xludf.DUMMYFUNCTION("VLOOKUP($A$1,IMPORTRANGE($A$2, CONCATENATE($A9,""!$B$5:$JB$48"")),AU$1,0)"),"") | AV9: =IFERROR(__xludf.DUMMYFUNCTION("VLOOKUP($A$1,IMPORTRANGE($A$2, CONCATENATE($A9,""!$B$5:$JB$48"")),AV$1,0)"),"") | AW9: =IFERROR(__xludf.DUMMYFUNCTION("VLOOKUP($A$1,IMPORTRANGE($A$2, CONCATENATE($A9,""!$B$5:$JB$48"")),AW$1,0)"),"") | AX9: =IFERROR(__xludf.DUMMYFUNCTION("VLOOKUP($A$1,IMPORTRANGE($A$2, CONCATENATE($A9,""!$B$5:$JB$48"")),AX$1,0)"),"") | AY9: =IFERROR(__xludf.DUMMYFUNCTION("VLOOKUP($A$1,IMPORTRANGE($A$2, CONCATENATE($A9,""!$B$5:$JB$48"")),AY$1,0)"),"") | AZ9: =IFERROR(__xludf.DUMMYFUNCTION("VLOOKUP($A$1,IMPORTRANGE($A$2, CONCATENATE($A9,""!$B$5:$JB$48"")),AZ$1,0)"),"") | BA9: =IFERROR(__xludf.DUMMYFUNCTION("VLOOKUP($A$1,IMPORTRANGE($A$2, CONCATENATE($A9,""!$B$5:$JB$48"")),BA$1,0)"),"") | BB9: =IFERROR(__xludf.DUMMYFUNCTION("VLOOKUP($A$1,IMPORTRANGE($A$2, CONCATENATE($A9,""!$B$5:$JB$48"")),BB$1,0)"),3.0) -> 3 | BC9: =IFERROR(__xludf.DUMMYFUNCTION("VLOOKUP($A$1,IMPORTRANGE($A$2, CONCATENATE($A9,""!$B$5:$JB$48"")),BC$1,0)"),"") | BD9: =IFERROR(__xludf.DUMMYFUNCTION("VLOOKUP($A$1,IMPORTRANGE($A$2, CONCATENATE($A9,""!$B$5:$JB$48"")),BD$1,0)"),"") | BE9: =IFERROR(__xludf.DUMMYFUNCTION("VLOOKUP($A$1,IMPORTRANGE($A$2, CONCATENATE($A9,""!$B$5:$JB$48"")),BE$1,0)"),5.0) -> 5 | BF9: =IFERROR(__xludf.DUMMYFUNCTION("VLOOKUP($A$1,IMPORTRANGE($A$2, CONCATENATE($A9,""!$B$5:$JB$48"")),BF$1,0)"),"") | BG9: =IFERROR(__xludf.DUMMYFUNCTION("VLOOKUP($A$1,IMPORTRANGE($A$2, CONCATENATE($A9,""!$B$5:$JB$48"")),BG$1,0)"),"") | BH9: =IFERROR(__xludf.DUMMYFUNCTION("VLOOKUP($A$1,IMPORTRANGE($A$2, CONCATENATE($A9,""!$B$5:$JB$48"")),BH$1,0)"),"") | BI9: =IFERROR(__xludf.DUMMYFUNCTION("VLOOKUP($A$1,IMPORTRANGE($A$2, CONCATENATE($A9,""!$B$5:$JB$48"")),BI$1,0)"),"") | BJ9: =IFERROR(__xludf.DUMMYFUNCTION("VLOOKUP($A$1,IMPORTRANGE($A$2, CONCATENATE($A9,""!$B$5:$JB$48"")),BJ$1,0)"),"") | BK9: =IFERROR(__xludf.DUMMYFUNCTION("VLOOKUP($A$1,IMPORTRANGE($A$2, CONCATENATE($A9,""!$B$5:$JB$48"")),BK$1,0)"),"") | BL9: =IFERROR(__xludf.DUMMYFUNCTION("VLOOKUP($A$1,IMPORTRANGE($A$2, CONCATENATE($A9,""!$B$5:$JB$48"")),BL$1,0)"),"") | BM9: =IFERROR(__xludf.DUMMYFUNCTION("VLOOKUP($A$1,IMPORTRANGE($A$2, CONCATENATE($A9,""!$B$5:$JB$48"")),BM$1,0)"),"") | BN9: =IFERROR(__xludf.DUMMYFUNCTION("VLOOKUP($A$1,IMPORTRANGE($A$2, CONCATENATE($A9,""!$B$5:$JB$48"")),BN$1,0)"),"") | BO9: =IFERROR(__xludf.DUMMYFUNCTION("VLOOKUP($A$1,IMPORTRANGE($A$2, CONCATENATE($A9,""!$B$5:$JB$48"")),BO$1,0)"),"") | BP9: =IFERROR(__xludf.DUMMYFUNCTION("VLOOKUP($A$1,IMPORTRANGE($A$2, CONCATENATE($A9,""!$B$5:$JB$48"")),BP$1,0)"),"") | BQ9: =IFERROR(__xludf.DUMMYFUNCTION("VLOOKUP($A$1,IMPORTRANGE($A$2, CONCATENATE($A9,""!$B$5:$JB$48"")),BQ$1,0)"),3.0) -> 3 | BR9: =IFERROR(__xludf.DUMMYFUNCTION("VLOOKUP($A$1,IMPORTRANGE($A$2, CONCATENATE($A9,""!$B$5:$JB$48"")),BR$1,0)"),3.0) -> 3 | BS9: =IFERROR(__xludf.DUMMYFUNCTION("VLOOKUP($A$1,IMPORTRANGE($A$2, CONCATENATE($A9,""!$B$5:$JB$48"")),BS$1,0)"),"") | BT9: =IFERROR(__xludf.DUMMYFUNCTION("VLOOKUP($A$1,IMPORTRANGE($A$2, CONCATENATE($A9,""!$B$5:$JB$48"")),BT$1,0)"),"") | BU9: =IFERROR(__xludf.DUMMYFUNCTION("VLOOKUP($A$1,IMPORTRANGE($A$2, CONCATENATE($A9,""!$B$5:$JB$48"")),BU$1,0)"),"") | BV9: =IFERROR(__xludf.DUMMYFUNCTION("VLOOKUP($A$1,IMPORTRANGE($A$2, CONCATENATE($A9,""!$B$5:$JB$48"")),BV$1,0)"),"") | BW9: =IFERROR(__xludf.DUMMYFUNCTION("VLOOKUP($A$1,IMPORTRANGE($A$2, CONCATENATE($A9,""!$B$5:$JB$48"")),BW$1,0)"),"") | BX9: =IFERROR(__xludf.DUMMYFUNCTION("VLOOKUP($A$1,IMPORTRANGE($A$2, CONCATENATE($A9,""!$B$5:$JB$48"")),BX$1,0)"),"") | BY9: =IFERROR(__xludf.DUMMYFUNCTION("VLOOKUP($A$1,IMPORTRANGE($A$2, CONCATENATE($A9,""!$B$5:$JB$48"")),BY$1,0)"),5.0) -> 5 | BZ9: =IFERROR(__xludf.DUMMYFUNCTION("VLOOKUP($A$1,IMPORTRANGE($A$2, CONCATENATE($A9,""!$B$5:$JB$48"")),BZ$1,0)"),3.0) -> 3 | CA9: =IFERROR(__xludf.DUMMYFUNCTION("VLOOKUP($A$1,IMPORTRANGE($A$2, CONCATENATE($A9,""!$B$5:$JB$48"")),CA$1,0)"),"") | CB9: =IFERROR(__xludf.DUMMYFUNCTION("VLOOKUP($A$1,IMPORTRANGE($A$2, CONCATENATE($A9,""!$B$5:$JB$48"")),CB$1,0)"),"") | CC9: =IFERROR(__xludf.DUMMYFUNCTION("VLOOKUP($A$1,IMPORTRANGE($A$2, CONCATENATE($A9,""!$B$5:$JB$48"")),CC$1,0)"),"") | CD9: =IFERROR(__xludf.DUMMYFUNCTION("VLOOKUP($A$1,IMPORTRANGE($A$2, CONCATENATE($A9,""!$B$5:$JB$48"")),CD$1,0)"),"") | CE9: =IFERROR(__xludf.DUMMYFUNCTION("VLOOKUP($A$1,IMPORTRANGE($A$2, CONCATENATE($A9,""!$B$5:$JB$48"")),CE$1,0)"),"") | CF9: =IFERROR(__xludf.DUMMYFUNCTION("VLOOKUP($A$1,IMPORTRANGE($A$2, CONCATENATE($A9,""!$B$5:$JB$48"")),CF$1,0)"),"") | CG9: =IFERROR(__xludf.DUMMYFUNCTION("VLOOKUP($A$1,IMPORTRANGE($A$2, CONCATENATE($A9,""!$B$5:$JB$48"")),CG$1,0)"),"") | CH9: =IFERROR(__xludf.DUMMYFUNCTION("VLOOKUP($A$1,IMPORTRANGE($A$2, CONCATENATE($A9,""!$B$5:$JB$48"")),CH$1,0)"),"") | CI9: =IFERROR(__xludf.DUMMYFUNCTION("VLOOKUP($A$1,IMPORTRANGE($A$2, CONCATENATE($A9,""!$B$5:$JB$48"")),CI$1,0)"),"-") -> - | CJ9: =IFERROR(__xludf.DUMMYFUNCTION("VLOOKUP($A$1,IMPORTRANGE($A$2, CONCATENATE($A9,""!$B$5:$JB$48"")),CJ$1,0)"),"") | CK9: =IFERROR(__xludf.DUMMYFUNCTION("VLOOKUP($A$1,IMPORTRANGE($A$2, CONCATENATE($A9,""!$B$5:$JB$48"")),CK$1,0)"),"") | CL9: =IFERROR(__xludf.DUMMYFUNCTION("VLOOKUP($A$1,IMPORTRANGE($A$2, CONCATENATE($A9,""!$B$5:$JB$48"")),CL$1,0)"),"") | CM9: =IFERROR(__xludf.DUMMYFUNCTION("VLOOKUP($A$1,IMPORTRANGE($A$2, CONCATENATE($A9,""!$B$5:$JB$48"")),CM$1,0)"),3.0) -> 3 | CN9: =IFERROR(__xludf.DUMMYFUNCTION("VLOOKUP($A$1,IMPORTRANGE($A$2, CONCATENATE($A9,""!$B$5:$JB$48"")),CN$1,0)"),"") | CO9: =IFERROR(__xludf.DUMMYFUNCTION("VLOOKUP($A$1,IMPORTRANGE($A$2, CONCATENATE($A9,""!$B$5:$JB$48"")),CO$1,0)"),"") | CP9: =IFERROR(__xludf.DUMMYFUNCTION("VLOOKUP($A$1,IMPORTRANGE($A$2, CONCATENATE($A9,""!$B$5:$JB$48"")),CP$1,0)"),"") | CQ9: =IFERROR(__xludf.DUMMYFUNCTION("VLOOKUP($A$1,IMPORTRANGE($A$2, CONCATENATE($A9,""!$B$5:$JB$48"")),CQ$1,0)"),"") | CR9: =IFERROR(__xludf.DUMMYFUNCTION("VLOOKUP($A$1,IMPORTRANGE($A$2, CONCATENATE($A9,""!$B$5:$JB$48"")),CR$1,0)"),"") | CS9: =IFERROR(__xludf.DUMMYFUNCTION("VLOOKUP($A$1,IMPORTRANGE($A$2, CONCATENATE($A9,""!$B$5:$JB$48"")),CS$1,0)"),4.0) -> 4 | CT9: =IFERROR(__xludf.DUMMYFUNCTION("VLOOKUP($A$1,IMPORTRANGE($A$2, CONCATENATE($A9,""!$B$5:$JB$48"")),CT$1,0)"),"") | CU9: =IFERROR(__xludf.DUMMYFUNCTION("VLOOKUP($A$1,IMPORTRANGE($A$2, CONCATENATE($A9,""!$B$5:$JB$48"")),CU$1,0)"),3.0) -> 3 | CV9: =IFERROR(__xludf.DUMMYFUNCTION("VLOOKUP($A$1,IMPORTRANGE($A$2, CONCATENATE($A9,""!$B$5:$JB$48"")),CV$1,0)"),"") | CW9: =IFERROR(__xludf.DUMMYFUNCTION("VLOOKUP($A$1,IMPORTRANGE($A$2, CONCATENATE($A9,""!$B$5:$JB$48"")),CW$1,0)"),"") | CX9: =IFERROR(__xludf.DUMMYFUNCTION("VLOOKUP($A$1,IMPORTRANGE($A$2, CONCATENATE($A9,""!$B$5:$JB$48"")),CX$1,0)"),"") | CY9: =IFERROR(__xludf.DUMMYFUNCTION("VLOOKUP($A$1,IMPORTRANGE($A$2, CONCATENATE($A9,""!$B$5:$JB$48"")),CY$1,0)"),"") | CZ9: =IFERROR(__xludf.DUMMYFUNCTION("VLOOKUP($A$1,IMPORTRANGE($A$2, CONCATENATE($A9,""!$B$5:$JB$48"")),CZ$1,0)"),"") | DA9: =IFERROR(__xludf.DUMMYFUNCTION("VLOOKUP($A$1,IMPORTRANGE($A$2, CONCATENATE($A9,""!$B$5:$JB$48"")),DA$1,0)"),"") | DB9: =IFERROR(__xludf.DUMMYFUNCTION("VLOOKUP($A$1,IMPORTRANGE($A$2, CONCATENATE($A9,""!$B$5:$JB$48"")),DB$1,0)"),2.0) -> 2 | DC9: =IFERROR(__xludf.DUMMYFUNCTION("VLOOKUP($A$1,IMPORTRANGE($A$2, CONCATENATE($A9,""!$B$5:$JB$48"")),DC$1,0)"),3.0) -> 3 | DD9: =IFERROR(__xludf.DUMMYFUNCTION("VLOOKUP($A$1,IMPORTRANGE($A$2, CONCATENATE($A9,""!$B$5:$JB$48"")),DD$1,0)"),"") | DE9: =IFERROR(__xludf.DUMMYFUNCTION("VLOOKUP($A$1,IMPORTRANGE($A$2, CONCATENATE($A9,""!$B$5:$JB$48"")),DE$1,0)"),"") | DF9: =IFERROR(__xludf.DUMMYFUNCTION("VLOOKUP($A$1,IMPORTRANGE($A$2, CONCATENATE($A9,""!$B$5:$JB$48"")),DF$1,0)"),"") | DG9: =IFERROR(__xludf.DUMMYFUNCTION("VLOOKUP($A$1,IMPORTRANGE($A$2, CONCATENATE($A9,""!$B$5:$JB$48"")),DG$1,0)"),"") | DH9: =IFERROR(__xludf.DUMMYFUNCTION("VLOOKUP($A$1,IMPORTRANGE($A$2, CONCATENATE($A9,""!$B$5:$JB$48"")),DH$1,0)"),4.0) -> 4 | DI9: =IFERROR(__xludf.DUMMYFUNCTION("VLOOKUP($A$1,IMPORTRANGE($A$2, CONCATENATE($A9,""!$B$5:$JB$48"")),DI$1,0)"),"") | DJ9: =IFERROR(__xludf.DUMMYFUNCTION("VLOOKUP($A$1,IMPORTRANGE($A$2, CONCATENATE($A9,""!$B$5:$JB$48"")),DJ$1,0)"),"") | DK9: =IFERROR(__xludf.DUMMYFUNCTION("VLOOKUP($A$1,IMPORTRANGE($A$2, CONCATENATE($A9,""!$B$5:$JB$48"")),DK$1,0)"),3.0) -> 3 | DL9: =IFERROR(__xludf.DUMMYFUNCTION("VLOOKUP($A$1,IMPORTRANGE($A$2, CONCATENATE($A9,""!$B$5:$JB$48"")),DL$1,0)"),"") | DM9: =IFERROR(__xludf.DUMMYFUNCTION("VLOOKUP($A$1,IMPORTRANGE($A$2, CONCATENATE($A9,""!$B$5:$JB$48"")),DM$1,0)"),3.0) -> 3 | DN9: =IFERROR(__xludf.DUMMYFUNCTION("VLOOKUP($A$1,IMPORTRANGE($A$2, CONCATENATE($A9,""!$B$5:$JB$48"")),DN$1,0)"),"") | DO9: =IFERROR(__xludf.DUMMYFUNCTION("VLOOKUP($A$1,IMPORTRANGE($A$2, CONCATENATE($A9,""!$B$5:$JB$48"")),DO$1,0)"),"-") -> - | DP9: =IFERROR(__xludf.DUMMYFUNCTION("VLOOKUP($A$1,IMPORTRANGE($A$2, CONCATENATE($A9,""!$B$5:$JB$48"")),DP$1,0)"),"") | DQ9: =IFERROR(__xludf.DUMMYFUNCTION("VLOOKUP($A$1,IMPORTRANGE($A$2, CONCATENATE($A9,""!$B$5:$JB$48"")),DQ$1,0)"),4.0) -> 4 | DR9: =IFERROR(__xludf.DUMMYFUNCTION("VLOOKUP($A$1,IMPORTRANGE($A$2, CONCATENATE($A9,""!$B$5:$JB$48"")),DR$1,0)"),"") | DS9: =IFERROR(__xludf.DUMMYFUNCTION("VLOOKUP($A$1,IMPORTRANGE($A$2, CONCATENATE($A9,""!$B$5:$JB$48"")),DS$1,0)"),5.0) -> 5 | DT9: =IFERROR(__xludf.DUMMYFUNCTION("VLOOKUP($A$1,IMPORTRANGE($A$2, CONCATENATE($A9,""!$B$5:$JB$48"")),DT$1,0)"),3.0) -> 3 | DU9: =IFERROR(__xludf.DUMMYFUNCTION("VLOOKUP($A$1,IMPORTRANGE($A$2, CONCATENATE($A9,""!$B$5:$JB$48"")),DU$1,0)"),3.0) -> 3 | DV9: =IFERROR(__xludf.DUMMYFUNCTION("VLOOKUP($A$1,IMPORTRANGE($A$2, CONCATENATE($A9,""!$B$5:$JB$48"")),DV$1,0)"),"") | DW9: =IFERROR(__xludf.DUMMYFUNCTION("VLOOKUP($A$1,IMPORTRANGE($A$2, CONCATENATE($A9,""!$B$5:$JB$48"")),DW$1,0)"),"") | DX9: =IFERROR(__xludf.DUMMYFUNCTION("VLOOKUP($A$1,IMPORTRANGE($A$2, CONCATENATE($A9,""!$B$5:$JB$48"")),DX$1,0)"),3.0) -> 3 | DY9: =IFERROR(__xludf.DUMMYFUNCTION("VLOOKUP($A$1,IMPORTRANGE($A$2, CONCATENATE($A9,""!$B$5:$JB$48"")),DY$1,0)"),"") | DZ9: =IFERROR(__xludf.DUMMYFUNCTION("VLOOKUP($A$1,IMPORTRANGE($A$2, CONCATENATE($A9,""!$B$5:$JB$48"")),DZ$1,0)"),"") | EA9: =IFERROR(__xludf.DUMMYFUNCTION("VLOOKUP($A$1,IMPORTRANGE($A$2, CONCATENATE($A9,""!$B$5:$JB$48"")),EA$1,0)"),3.0) -> 3 | EB9: =IFERROR(__xludf.DUMMYFUNCTION("VLOOKUP($A$1,IMPORTRANGE($A$2, CONCATENATE($A9,""!$B$5:$JB$48"")),EB$1,0)"),"") | EC9: =IFERROR(__xludf.DUMMYFUNCTION("VLOOKUP($A$1,IMPORTRANGE($A$2, CONCATENATE($A9,""!$B$5:$JB$48"")),EC$1,0)"),"") | ED9: =IFERROR(__xludf.DUMMYFUNCTION("VLOOKUP($A$1,IMPORTRANGE($A$2, CONCATENATE($A9,""!$B$5:$JB$48"")),ED$1,0)"),"") | EE9: =IFERROR(__xludf.DUMMYFUNCTION("VLOOKUP($A$1,IMPORTRANGE($A$2, CONCATENATE($A9,""!$B$5:$JB$48"")),EE$1,0)"),"") | EF9: =IFERROR(__xludf.DUMMYFUNCTION("VLOOKUP($A$1,IMPORTRANGE($A$2, CONCATENATE($A9,""!$B$5:$JB$48"")),EF$1,0)"),"") | EG9: =IFERROR(__xludf.DUMMYFUNCTION("VLOOKUP($A$1,IMPORTRANGE($A$2, CONCATENATE($A9,""!$B$5:$JB$48"")),EG$1,0)"),"") | EH9: =IFERROR(__xludf.DUMMYFUNCTION("VLOOKUP($A$1,IMPORTRANGE($A$2, CONCATENATE($A9,""!$B$5:$JB$48"")),EH$1,0)"),"") | EI9: =IFERROR(__xludf.DUMMYFUNCTION("VLOOKUP($A$1,IMPORTRANGE($A$2, CONCATENATE($A9,""!$B$5:$JB$48"")),EI$1,0)"),"") | EJ9: =IFERROR(__xludf.DUMMYFUNCTION("VLOOKUP($A$1,IMPORTRANGE($A$2, CONCATENATE($A9,""!$B$5:$JB$48"")),EJ$1,0)"),"") | EK9: =IFERROR(__xludf.DUMMYFUNCTION("VLOOKUP($A$1,IMPORTRANGE($A$2, CONCATENATE($A9,""!$B$5:$JB$48"")),EK$1,0)"),"") | EL9: =IFERROR(__xludf.DUMMYFUNCTION("VLOOKUP($A$1,IMPORTRANGE($A$2, CONCATENATE($A9,""!$B$5:$JB$48"")),EL$1,0)"),"") | EM9: =IFERROR(__xludf.DUMMYFUNCTION("VLOOKUP($A$1,IMPORTRANGE($A$2, CONCATENATE($A9,""!$B$5:$JB$48"")),EM$1,0)"),"") | EN9: =IFERROR(__xludf.DUMMYFUNCTION("VLOOKUP($A$1,IMPORTRANGE($A$2, CONCATENATE($A9,""!$B$5:$JB$48"")),EN$1,0)"),"") | EO9: =IFERROR(__xludf.DUMMYFUNCTION("VLOOKUP($A$1,IMPORTRANGE($A$2, CONCATENATE($A9,""!$B$5:$JB$48"")),EO$1,0)"),"") | EP9: =IFERROR(__xludf.DUMMYFUNCTION("VLOOKUP($A$1,IMPORTRANGE($A$2, CONCATENATE($A9,""!$B$5:$JB$48"")),EP$1,0)"),"") | EQ9: =IFERROR(__xludf.DUMMYFUNCTION("VLOOKUP($A$1,IMPORTRANGE($A$2, CONCATENATE($A9,""!$B$5:$JB$48"")),EQ$1,0)"),"") | ER9: =IFERROR(__xludf.DUMMYFUNCTION("VLOOKUP($A$1,IMPORTRANGE($A$2, CONCATENATE($A9,""!$B$5:$JB$48"")),ER$1,0)"),"") | ES9: =IFERROR(__xludf.DUMMYFUNCTION("VLOOKUP($A$1,IMPORTRANGE($A$2, CONCATENATE($A9,""!$B$5:$JB$48"")),ES$1,0)"),"") | ET9: =IFERROR(__xludf.DUMMYFUNCTION("VLOOKUP($A$1,IMPORTRANGE($A$2, CONCATENATE($A9,""!$B$5:$JB$48"")),ET$1,0)"),"") | EU9: =IFERROR(__xludf.DUMMYFUNCTION("VLOOKUP($A$1,IMPORTRANGE($A$2, CONCATENATE($A9,""!$B$5:$JB$48"")),EU$1,0)"),"") | EV9: =IFERROR(__xludf.DUMMYFUNCTION("VLOOKUP($A$1,IMPORTRANGE($A$2, CONCATENATE($A9,""!$B$5:$JB$48"")),EV$1,0)"),"") | EW9: =IFERROR(__xludf.DUMMYFUNCTION("VLOOKUP($A$1,IMPORTRANGE($A$2, CONCATENATE($A9,""!$B$5:$JB$48"")),EW$1,0)"),"") | EX9: =IFERROR(__xludf.DUMMYFUNCTION("VLOOKUP($A$1,IMPORTRANGE($A$2, CONCATENATE($A9,""!$B$5:$JB$48"")),EX$1,0)"),"") | EY9: =IFERROR(__xludf.DUMMYFUNCTION("VLOOKUP($A$1,IMPORTRANGE($A$2, CONCATENATE($A9,""!$B$5:$JB$48"")),EY$1,0)"),"") | EZ9: =IFERROR(__xludf.DUMMYFUNCTION("VLOOKUP($A$1,IMPORTRANGE($A$2, CONCATENATE($A9,""!$B$5:$JB$48"")),EZ$1,0)"),"") | FA9: =IFERROR(__xludf.DUMMYFUNCTION("VLOOKUP($A$1,IMPORTRANGE($A$2, CONCATENATE($A9,""!$B$5:$JB$48"")),FA$1,0)"),"") | FB9: =IFERROR(__xludf.DUMMYFUNCTION("VLOOKUP($A$1,IMPORTRANGE($A$2, CONCATENATE($A9,""!$B$5:$JB$48"")),FB$1,0)"),"") | FC9: =IFERROR(__xludf.DUMMYFUNCTION("VLOOKUP($A$1,IMPORTRANGE($A$2, CONCATENATE($A9,""!$B$5:$JB$48"")),FC$1,0)"),"") | FD9: =IFERROR(__xludf.DUMMYFUNCTION("VLOOKUP($A$1,IMPORTRANGE($A$2, CONCATENATE($A9,""!$B$5:$JB$48"")),FD$1,0)"),"") | FE9: =IFERROR(__xludf.DUMMYFUNCTION("VLOOKUP($A$1,IMPORTRANGE($A$2, CONCATENATE($A9,""!$B$5:$JB$48"")),FE$1,0)"),"") | FF9: =IFERROR(__xludf.DUMMYFUNCTION("VLOOKUP($A$1,IMPORTRANGE($A$2, CONCATENATE($A9,""!$B$5:$JB$48"")),FF$1,0)"),"") | FG9: =IFERROR(__xludf.DUMMYFUNCTION("VLOOKUP($A$1,IMPORTRANGE($A$2, CONCATENATE($A9,""!$B$5:$JB$48"")),FG$1,0)"),"") | FH9: =IFERROR(__xludf.DUMMYFUNCTION("VLOOKUP($A$1,IMPORTRANGE($A$2, CONCATENATE($A9,""!$B$5:$JB$48"")),FH$1,0)"),"") | FI9: =IFERROR(__xludf.DUMMYFUNCTION("VLOOKUP($A$1,IMPORTRANGE($A$2, CONCATENATE($A9,""!$B$5:$JB$48"")),FI$1,0)"),"") | FJ9: =IFERROR(__xludf.DUMMYFUNCTION("VLOOKUP($A$1,IMPORTRANGE($A$2, CONCATENATE($A9,""!$B$5:$JB$48"")),FJ$1,0)"),"") | FK9: =IFERROR(__xludf.DUMMYFUNCTION("VLOOKUP($A$1,IMPORTRANGE($A$2, CONCATENATE($A9,""!$B$5:$JB$48"")),FK$1,0)"),"") | FL9: =IFERROR(__xludf.DUMMYFUNCTION("VLOOKUP($A$1,IMPORTRANGE($A$2, CONCATENATE($A9,""!$B$5:$JB$48"")),FL$1,0)"),"") | FM9: =IFERROR(__xludf.DUMMYFUNCTION("VLOOKUP($A$1,IMPORTRANGE($A$2, CONCATENATE($A9,""!$B$5:$JB$48"")),FM$1,0)"),3.0) -> 3 | FN9: =IFERROR(__xludf.DUMMYFUNCTION("VLOOKUP($A$1,IMPORTRANGE($A$2, CONCATENATE($A9,""!$B$5:$JB$48"")),FN$1,0)"),"") | FO9: =IFERROR(__xludf.DUMMYFUNCTION("VLOOKUP($A$1,IMPORTRANGE($A$2, CONCATENATE($A9,""!$B$5:$JB$48"")),FO$1,0)"),"") | FP9: =IFERROR(__xludf.DUMMYFUNCTION("VLOOKUP($A$1,IMPORTRANGE($A$2, CONCATENATE($A9,""!$B$5:$JB$48"")),FP$1,0)"),"") | FQ9: =IFERROR(__xludf.DUMMYFUNCTION("VLOOKUP($A$1,IMPORTRANGE($A$2, CONCATENATE($A9,""!$B$5:$JB$48"")),FQ$1,0)"),"") | FR9: =IFERROR(__xludf.DUMMYFUNCTION("VLOOKUP($A$1,IMPORTRANGE($A$2, CONCATENATE($A9,""!$B$5:$JB$48"")),FR$1,0)"),"") | FS9: =IFERROR(__xludf.DUMMYFUNCTION("VLOOKUP($A$1,IMPORTRANGE($A$2, CONCATENATE($A9,""!$B$5:$JB$48"")),FS$1,0)"),"") | FT9: =IFERROR(__xludf.DUMMYFUNCTION("VLOOKUP($A$1,IMPORTRANGE($A$2, CONCATENATE($A9,""!$B$5:$JB$48"")),FT$1,0)"),"") | FU9: =IFERROR(__xludf.DUMMYFUNCTION("VLOOKUP($A$1,IMPORTRANGE($A$2, CONCATENATE($A9,""!$B$5:$JB$48"")),FU$1,0)"),"") | FV9: =IFERROR(__xludf.DUMMYFUNCTION("VLOOKUP($A$1,IMPORTRANGE($A$2, CONCATENATE($A9,""!$B$5:$JB$48"")),FV$1,0)"),"") | FW9: =IFERROR(__xludf.DUMMYFUNCTION("VLOOKUP($A$1,IMPORTRANGE($A$2, CONCATENATE($A9,""!$B$5:$JB$48"")),FW$1,0)"),"") | FX9: =IFERROR(__xludf.DUMMYFUNCTION("VLOOKUP($A$1,IMPORTRANGE($A$2, CONCATENATE($A9,""!$B$5:$JB$48"")),FX$1,0)"),"") | FY9: =IFERROR(__xludf.DUMMYFUNCTION("VLOOKUP($A$1,IMPORTRANGE($A$2, CONCATENATE($A9,""!$B$5:$JB$48"")),FY$1,0)"),"") | FZ9: =IFERROR(__xludf.DUMMYFUNCTION("VLOOKUP($A$1,IMPORTRANGE($A$2, CONCATENATE($A9,""!$B$5:$JB$48"")),FZ$1,0)"),"") | GA9: =IFERROR(__xludf.DUMMYFUNCTION("VLOOKUP($A$1,IMPORTRANGE($A$2, CONCATENATE($A9,""!$B$5:$JB$48"")),GA$1,0)"),"") | GB9: =IFERROR(__xludf.DUMMYFUNCTION("VLOOKUP($A$1,IMPORTRANGE($A$2, CONCATENATE($A9,""!$B$5:$JB$48"")),GB$1,0)"),"") | GC9: =IFERROR(__xludf.DUMMYFUNCTION("VLOOKUP($A$1,IMPORTRANGE($A$2, CONCATENATE($A9,""!$B$5:$JB$48"")),GC$1,0)"),"") | GD9: =IFERROR(__xludf.DUMMYFUNCTION("VLOOKUP($A$1,IMPORTRANGE($A$2, CONCATENATE($A9,""!$B$5:$JB$48"")),GD$1,0)"),"") | GE9: =IFERROR(__xludf.DUMMYFUNCTION("VLOOKUP($A$1,IMPORTRANGE($A$2, CONCATENATE($A9,""!$B$5:$JB$48"")),GE$1,0)"),"") | GF9: =IFERROR(__xludf.DUMMYFUNCTION("VLOOKUP($A$1,IMPORTRANGE($A$2, CONCATENATE($A9,""!$B$5:$JB$48"")),GF$1,0)"),"") | GG9: =IFERROR(__xludf.DUMMYFUNCTION("VLOOKUP($A$1,IMPORTRANGE($A$2, CONCATENATE($A9,""!$B$5:$JB$48"")),GG$1,0)"),"") | GH9: =IFERROR(__xludf.DUMMYFUNCTION("VLOOKUP($A$1,IMPORTRANGE($A$2, CONCATENATE($A9,""!$B$5:$JB$48"")),GH$1,0)"),"") | GI9: =IFERROR(__xludf.DUMMYFUNCTION("VLOOKUP($A$1,IMPORTRANGE($A$2, CONCATENATE($A9,""!$B$5:$JB$48"")),GI$1,0)"),"") | GJ9: =IFERROR(__xludf.DUMMYFUNCTION("VLOOKUP($A$1,IMPORTRANGE($A$2, CONCATENATE($A9,""!$B$5:$JB$48"")),GJ$1,0)"),"") | GK9: =IFERROR(__xludf.DUMMYFUNCTION("VLOOKUP($A$1,IMPORTRANGE($A$2, CONCATENATE($A9,""!$B$5:$JB$48"")),GK$1,0)"),"") | GL9: =IFERROR(__xludf.DUMMYFUNCTION("VLOOKUP($A$1,IMPORTRANGE($A$2, CONCATENATE($A9,""!$B$5:$JB$48"")),GL$1,0)"),"") | GM9: =IFERROR(__xludf.DUMMYFUNCTION("VLOOKUP($A$1,IMPORTRANGE($A$2, CONCATENATE($A9,""!$B$5:$JB$48"")),GM$1,0)"),"") | GN9: =IFERROR(__xludf.DUMMYFUNCTION("VLOOKUP($A$1,IMPORTRANGE($A$2, CONCATENATE($A9,""!$B$5:$JB$48"")),GN$1,0)"),"") | GO9: =IFERROR(__xludf.DUMMYFUNCTION("VLOOKUP($A$1,IMPORTRANGE($A$2, CONCATENATE($A9,""!$B$5:$JB$48"")),GO$1,0)"),"") | GP9: =IFERROR(__xludf.DUMMYFUNCTION("VLOOKUP($A$1,IMPORTRANGE($A$2, CONCATENATE($A9,""!$B$5:$JB$48"")),GP$1,0)"),"") | GQ9: =IFERROR(__xludf.DUMMYFUNCTION("VLOOKUP($A$1,IMPORTRANGE($A$2, CONCATENATE($A9,""!$B$5:$JB$48"")),GQ$1,0)"),"") | GR9: =IFERROR(__xludf.DUMMYFUNCTION("VLOOKUP($A$1,IMPORTRANGE($A$2, CONCATENATE($A9,""!$B$5:$JB$48"")),GR$1,0)"),"") | GS9: =IFERROR(__xludf.DUMMYFUNCTION("VLOOKUP($A$1,IMPORTRANGE($A$2, CONCATENATE($A9,""!$B$5:$JB$48"")),GS$1,0)"),"") | GT9: =IFERROR(__xludf.DUMMYFUNCTION("VLOOKUP($A$1,IMPORTRANGE($A$2, CONCATENATE($A9,""!$B$5:$JB$48"")),GT$1,0)"),"") | GU9: =IFERROR(__xludf.DUMMYFUNCTION("VLOOKUP($A$1,IMPORTRANGE($A$2, CONCATENATE($A9,""!$B$5:$JB$48"")),GU$1,0)"),"") | GV9: =IFERROR(__xludf.DUMMYFUNCTION("VLOOKUP($A$1,IMPORTRANGE($A$2, CONCATENATE($A9,""!$B$5:$JB$48"")),GV$1,0)"),"") | GW9: =IFERROR(__xludf.DUMMYFUNCTION("VLOOKUP($A$1,IMPORTRANGE($A$2, CONCATENATE($A9,""!$B$5:$JB$48"")),GW$1,0)"),"") | GX9: =IFERROR(__xludf.DUMMYFUNCTION("VLOOKUP($A$1,IMPORTRANGE($A$2, CONCATENATE($A9,""!$B$5:$JB$48"")),GX$1,0)"),"") | GY9: =IFERROR(__xludf.DUMMYFUNCTION("VLOOKUP($A$1,IMPORTRANGE($A$2, CONCATENATE($A9,""!$B$5:$JB$48"")),GY$1,0)"),"") | GZ9: =IFERROR(__xludf.DUMMYFUNCTION("VLOOKUP($A$1,IMPORTRANGE($A$2, CONCATENATE($A9,""!$B$5:$JB$48"")),GZ$1,0)"),"") | HA9: =IFERROR(__xludf.DUMMYFUNCTION("VLOOKUP($A$1,IMPORTRANGE($A$2, CONCATENATE($A9,""!$B$5:$JB$48"")),HA$1,0)"),"") | HB9: =IFERROR(__xludf.DUMMYFUNCTION("VLOOKUP($A$1,IMPORTRANGE($A$2, CONCATENATE($A9,""!$B$5:$JB$48"")),HB$1,0)"),"") | HC9: =IFERROR(__xludf.DUMMYFUNCTION("VLOOKUP($A$1,IMPORTRANGE($A$2, CONCATENATE($A9,""!$B$5:$JB$48"")),HC$1,0)"),"") | HD9: =IFERROR(__xludf.DUMMYFUNCTION("VLOOKUP($A$1,IMPORTRANGE($A$2, CONCATENATE($A9,""!$B$5:$JB$48"")),HD$1,0)"),"") | HE9: =IFERROR(__xludf.DUMMYFUNCTION("VLOOKUP($A$1,IMPORTRANGE($A$2, CONCATENATE($A9,""!$B$5:$JB$48"")),HE$1,0)"),"") | HF9: =IFERROR(__xludf.DUMMYFUNCTION("VLOOKUP($A$1,IMPORTRANGE($A$2, CONCATENATE($A9,""!$B$5:$JB$48"")),HF$1,0)"),"") | HG9: =IFERROR(__xludf.DUMMYFUNCTION("VLOOKUP($A$1,IMPORTRANGE($A$2, CONCATENATE($A9,""!$B$5:$JB$48"")),HG$1,0)"),"") | HH9: =IFERROR(__xludf.DUMMYFUNCTION("VLOOKUP($A$1,IMPORTRANGE($A$2, CONCATENATE($A9,""!$B$5:$JB$48"")),HH$1,0)"),"") | HI9: =IFERROR(__xludf.DUMMYFUNCTION("VLOOKUP($A$1,IMPORTRANGE($A$2, CONCATENATE($A9,""!$B$5:$JB$48"")),HI$1,0)"),"") | HJ9: =IFERROR(__xludf.DUMMYFUNCTION("VLOOKUP($A$1,IMPORTRANGE($A$2, CONCATENATE($A9,""!$B$5:$JB$48"")),HJ$1,0)"),"") | HK9: =IFERROR(__xludf.DUMMYFUNCTION("VLOOKUP($A$1,IMPORTRANGE($A$2, CONCATENATE($A9,""!$B$5:$JB$48"")),HK$1,0)"),"") | HL9: =IFERROR(__xludf.DUMMYFUNCTION("VLOOKUP($A$1,IMPORTRANGE($A$2, CONCATENATE($A9,""!$B$5:$JB$48"")),HL$1,0)"),"") | HM9: =IFERROR(__xludf.DUMMYFUNCTION("VLOOKUP($A$1,IMPORTRANGE($A$2, CONCATENATE($A9,""!$B$5:$JB$48"")),HM$1,0)"),"") | HN9: =IFERROR(__xludf.DUMMYFUNCTION("VLOOKUP($A$1,IMPORTRANGE($A$2, CONCATENATE($A9,""!$B$5:$JB$48"")),HN$1,0)"),"") | HO9: =IFERROR(__xludf.DUMMYFUNCTION("VLOOKUP($A$1,IMPORTRANGE($A$2, CONCATENATE($A9,""!$B$5:$JB$48"")),HO$1,0)"),"") | HP9: =IFERROR(__xludf.DUMMYFUNCTION("VLOOKUP($A$1,IMPORTRANGE($A$2, CONCATENATE($A9,""!$B$5:$JB$48"")),HP$1,0)"),"") | HQ9: =IFERROR(__xludf.DUMMYFUNCTION("VLOOKUP($A$1,IMPORTRANGE($A$2, CONCATENATE($A9,""!$B$5:$JB$48"")),HQ$1,0)"),"") | HR9: =IFERROR(__xludf.DUMMYFUNCTION("VLOOKUP($A$1,IMPORTRANGE($A$2, CONCATENATE($A9,""!$B$5:$JB$48"")),HR$1,0)"),"") | HS9: =IFERROR(__xludf.DUMMYFUNCTION("VLOOKUP($A$1,IMPORTRANGE($A$2, CONCATENATE($A9,""!$B$5:$JB$48"")),HS$1,0)"),"") | HT9: =IFERROR(__xludf.DUMMYFUNCTION("VLOOKUP($A$1,IMPORTRANGE($A$2, CONCATENATE($A9,""!$B$5:$JB$48"")),HT$1,0)"),"") | HU9: =IFERROR(__xludf.DUMMYFUNCTION("VLOOKUP($A$1,IMPORTRANGE($A$2, CONCATENATE($A9,""!$B$5:$JB$48"")),HU$1,0)"),"") | HV9: =IFERROR(__xludf.DUMMYFUNCTION("VLOOKUP($A$1,IMPORTRANGE($A$2, CONCATENATE($A9,""!$B$5:$JB$48"")),HV$1,0)"),"") | HW9: =IFERROR(__xludf.DUMMYFUNCTION("VLOOKUP($A$1,IMPORTRANGE($A$2, CONCATENATE($A9,""!$B$5:$JB$48"")),HW$1,0)"),"") | HX9: =IFERROR(__xludf.DUMMYFUNCTION("VLOOKUP($A$1,IMPORTRANGE($A$2, CONCATENATE($A9,""!$B$5:$JB$48"")),HX$1,0)"),"") | HY9: =IFERROR(__xludf.DUMMYFUNCTION("VLOOKUP($A$1,IMPORTRANGE($A$2, CONCATENATE($A9,""!$B$5:$JB$48"")),HY$1,0)"),"") | HZ9: =IFERROR(__xludf.DUMMYFUNCTION("VLOOKUP($A$1,IMPORTRANGE($A$2, CONCATENATE($A9,""!$B$5:$JB$48"")),HZ$1,0)"),"") | IA9: =IFERROR(__xludf.DUMMYFUNCTION("VLOOKUP($A$1,IMPORTRANGE($A$2, CONCATENATE($A9,""!$B$5:$JB$48"")),IA$1,0)"),"") | IB9: =IFERROR(__xludf.DUMMYFUNCTION("VLOOKUP($A$1,IMPORTRANGE($A$2, CONCATENATE($A9,""!$B$5:$JB$48"")),IB$1,0)"),"") | IC9: =IFERROR(__xludf.DUMMYFUNCTION("VLOOKUP($A$1,IMPORTRANGE($A$2, CONCATENATE($A9,""!$B$5:$JB$48"")),IC$1,0)"),"") | ID9: =IFERROR(__xludf.DUMMYFUNCTION("VLOOKUP($A$1,IMPORTRANGE($A$2, CONCATENATE($A9,""!$B$5:$JB$48"")),ID$1,0)"),45906.0) -> 45906 | IE9: =IFERROR(__xludf.DUMMYFUNCTION("VLOOKUP($A$1,IMPORTRANGE($A$2, CONCATENATE($A9,""!$B$5:$JB$48"")),IE$1,0)"),"Tengdoshlarim") -> Tengdoshlarim | IF9: =IFERROR(__xludf.DUMMYFUNCTION("VLOOKUP($A$1,IMPORTRANGE($A$2, CONCATENATE($A9,""!$B$5:$JB$48"")),IF$1,0)"),"afrosiyob haqida ma`lumot") -> afrosiyob haqida ma`lumot | IG9: =IFERROR(__xludf.DUMMYFUNCTION("VLOOKUP($A$1,IMPORTRANGE($A$2, CONCATENATE($A9,""!$B$5:$JB$48"")),IG$1,0)"),45976.0) -> 45976 | IH9: =IFERROR(__xludf.DUMMYFUNCTION("VLOOKUP($A$1,IMPORTRANGE($A$2, CONCATENATE($A9,""!$B$5:$JB$48"")),IH$1,0)"),"Tezyurar poyezd") -> Tezyurar poyezd | II9: =IFERROR(__xludf.DUMMYFUNCTION("VLOOKUP($A$1,IMPORTRANGE($A$2, CONCATENATE($A9,""!$B$5:$JB$48"")),II$1,0)"),"5-mashq, 64-bet") -> 5-mashq, 64-bet | IJ9: =IFERROR(__xludf.DUMMYFUNCTION("VLOOKUP($A$1,IMPORTRANGE($A$2, CONCATENATE($A9,""!$B$5:$JB$48"")),IJ$1,0)"),46039.0) -> 46039 | IK9: =IFERROR(__xludf.DUMMYFUNCTION("VLOOKUP($A$1,IMPORTRANGE($A$2, CONCATENATE($A9,""!$B$5:$JB$48"")),IK$1,0)"),"Sehrli tomchilar") -> Sehrli tomchilar | IL9: =IFERROR(__xludf.DUMMYFUNCTION("VLOOKUP($A$1,IMPORTRANGE($A$2, CONCATENATE($A9,""!$B$5:$JB$48"")),IL$1,0)"),"92-bet, 4-mashq tarjima") -> 92-bet, 4-mashq tarjima | IM9: =IFERROR(__xludf.DUMMYFUNCTION("VLOOKUP($A$1,IMPORTRANGE($A$2, CONCATENATE($A9,""!$B$5:$JB$48"")),IM$1,0)"),"") | IN9: =IFERROR(__xludf.DUMMYFUNCTION("VLOOKUP($A$1,IMPORTRANGE($A$2, CONCATENATE($A9,""!$B$5:$JB$48"")),IN$1,0)"),"") | IO9: =IFERROR(__xludf.DUMMYFUNCTION("VLOOKUP($A$1,IMPORTRANGE($A$2, CONCATENATE($A9,""!$B$5:$JB$48"")),IO$1,0)"),"") | IP9: =IFERROR(__xludf.DUMMYFUNCTION("VLOOKUP($A$1,IMPORTRANGE($A$2, CONCATENATE($A9,""!$B$5:$JB$48"")),IP$1,0)"),"#REF!") -> #REF! | IQ9: =IFERROR(__xludf.DUMMYFUNCTION("VLOOKUP($A$1,IMPORTRANGE($A$2, CONCATENATE($A9,""!$B$5:$JB$48"")),IQ$1,0)"),"#REF!") -> #REF! | IR9: =IFERROR(__xludf.DUMMYFUNCTION("VLOOKUP($A$1,IMPORTRANGE($A$2, CONCATENATE($A9,""!$B$5:$JB$48"")),IR$1,0)"),"#REF!") -> #REF! | IS9: =IFERROR(__xludf.DUMMYFUNCTION("VLOOKUP($A$1,IMPORTRANGE($A$2, CONCATENATE($A9,""!$B$5:$JB$48"")),IS$1,0)"),"#REF!") -> #REF! | IT9: =IFERROR(__xludf.DUMMYFUNCTION("VLOOKUP($A$1,IMPORTRANGE($A$2, CONCATENATE($A9,""!$B$5:$JB$48"")),IT$1,0)"),"#REF!") -> #REF! | IU9: =IFERROR(__xludf.DUMMYFUNCTION("VLOOKUP($A$1,IMPORTRANGE($A$2, CONCATENATE($A9,""!$B$5:$JB$48"")),IU$1,0)"),"#REF!") -> #REF! | IV9: =IFERROR(__xludf.DUMMYFUNCTION("VLOOKUP($A$1,IMPORTRANGE($A$2, CONCATENATE($A9,""!$B$5:$JB$48"")),IV$1,0)"),"#REF!") -> #REF! | IW9: =IFERROR(__xludf.DUMMYFUNCTION("VLOOKUP($A$1,IMPORTRANGE($A$2, CONCATENATE($A9,""!$B$5:$JB$48"")),IW$1,0)"),"#REF!") -> #REF! | IX9: =IFERROR(__xludf.DUMMYFUNCTION("VLOOKUP($A$1,IMPORTRANGE($A$2, CONCATENATE($A9,""!$B$5:$JB$48"")),IX$1,0)"),"#REF!") -> #REF! | IY9: =IFERROR(__xludf.DUMMYFUNCTION("VLOOKUP($A$1,IMPORTRANGE($A$2, CONCATENATE($A9,""!$B$5:$JB$48"")),IY$1,0)"),"#REF!") -> #REF! | IZ9: =IFERROR(__xludf.DUMMYFUNCTION("VLOOKUP($A$1,IMPORTRANGE($A$2, CONCATENATE($A9,""!$B$5:$JB$48"")),IZ$1,0)"),"#REF!") -> #REF! | JA9: =IFERROR(__xludf.DUMMYFUNCTION("VLOOKUP($A$1,IMPORTRANGE($A$2, CONCATENATE($A9,""!$B$5:$JB$48"")),JA$1,0)"),"#REF!") -> #REF!
B11: =IFERROR(__xludf.DUMMYFUNCTION("IMPORTRANGE($A$2, CONCATENATE($A12,""!C4:JB4""))"),45902.0) -> 45902 | C11: =IFERROR(__xludf.DUMMYFUNCTION("""COMPUTED_VALUE"""),45903.0) -> 45903 | D11: =IFERROR(__xludf.DUMMYFUNCTION("""COMPUTED_VALUE"""),45904.0) -> 45904 | E11: =IFERROR(__xludf.DUMMYFUNCTION("""COMPUTED_VALUE"""),45905.0) -> 45905 | F11: =IFERROR(__xludf.DUMMYFUNCTION("""COMPUTED_VALUE"""),45909.0) -> 45909 | I11: =IFERROR(__xludf.DUMMYFUNCTION("""COMPUTED_VALUE"""),45910.0) -> 45910 | J11: =IFERROR(__xludf.DUMMYFUNCTION("""COMPUTED_VALUE"""),45911.0) -> 45911 | K11: =IFERROR(__xludf.DUMMYFUNCTION("""COMPUTED_VALUE"""),45912.0) -> 45912 | L11: =IFERROR(__xludf.DUMMYFUNCTION("""COMPUTED_VALUE"""),45917.0) -> 45917 | M11: =IFERROR(__xludf.DUMMYFUNCTION("""COMPUTED_VALUE"""),45918.0) -> 45918 | P11: =IFERROR(__xludf.DUMMYFUNCTION("""COMPUTED_VALUE"""),45919.0) -> 45919 | Q11: =IFERROR(__xludf.DUMMYFUNCTION("""COMPUTED_VALUE"""),45920.0) -> 45920 | R11: =IFERROR(__xludf.DUMMYFUNCTION("""COMPUTED_VALUE"""),45924.0) -> 45924 | S11: =IFERROR(__xludf.DUMMYFUNCTION("""COMPUTED_VALUE"""),45925.0) -> 45925 | T11: =IFERROR(__xludf.DUMMYFUNCTION("""COMPUTED_VALUE"""),45926.0) -> 45926 | W11: =IFERROR(__xludf.DUMMYFUNCTION("""COMPUTED_VALUE"""),45927.0) -> 45927 | X11: =IFERROR(__xludf.DUMMYFUNCTION("""COMPUTED_VALUE"""),45932.0) -> 45932 | Y11: =IFERROR(__xludf.DUMMYFUNCTION("""COMPUTED_VALUE"""),45933.0) -> 45933 | Z11: =IFERROR(__xludf.DUMMYFUNCTION("""COMPUTED_VALUE"""),45934.0) -> 45934 | AA11: =IFERROR(__xludf.DUMMYFUNCTION("""COMPUTED_VALUE"""),45937.0) -> 45937 | AD11: =IFERROR(__xludf.DUMMYFUNCTION("""COMPUTED_VALUE"""),45938.0) -> 45938 | AE11: =IFERROR(__xludf.DUMMYFUNCTION("""COMPUTED_VALUE"""),45939.0) -> 45939 | AF11: =IFERROR(__xludf.DUMMYFUNCTION("""COMPUTED_VALUE"""),45940.0) -> 45940 | AG11: =IFERROR(__xludf.DUMMYFUNCTION("""COMPUTED_VALUE"""),45944.0) -> 45944 | AH11: =IFERROR(__xludf.DUMMYFUNCTION("""COMPUTED_VALUE"""),45945.0) -> 45945 | AK11: =IFERROR(__xludf.DUMMYFUNCTION("""COMPUTED_VALUE"""),45946.0) -> 45946 | AL11: =IFERROR(__xludf.DUMMYFUNCTION("""COMPUTED_VALUE"""),45947.0) -> 45947 | AM11: =IFERROR(__xludf.DUMMYFUNCTION("""COMPUTED_VALUE"""),45951.0) -> 45951 | AN11: =IFERROR(__xludf.DUMMYFUNCTION("""COMPUTED_VALUE"""),45952.0) -> 45952 | AO11: =IFERROR(__xludf.DUMMYFUNCTION("""COMPUTED_VALUE"""),45953.0) -> 45953 | AR11: =IFERROR(__xludf.DUMMYFUNCTION("""COMPUTED_VALUE"""),45954.0) -> 45954 | AS11: =IFERROR(__xludf.DUMMYFUNCTION("""COMPUTED_VALUE"""),45958.0) -> 45958 | AT11: =IFERROR(__xludf.DUMMYFUNCTION("""COMPUTED_VALUE"""),45959.0) -> 45959 | AU11: =IFERROR(__xludf.DUMMYFUNCTION("""COMPUTED_VALUE"""),45960.0) -> 45960 | AV11: =IFERROR(__xludf.DUMMYFUNCTION("""COMPUTED_VALUE"""),45961.0) -> 45961 | AY11: =IFERROR(__xludf.DUMMYFUNCTION("""COMPUTED_VALUE"""),"1 четверть") -> 1 четверть | AZ11: =IFERROR(__xludf.DUMMYFUNCTION("""COMPUTED_VALUE"""),45973.0) -> 45973 | BA11: =IFERROR(__xludf.DUMMYFUNCTION("""COMPUTED_VALUE"""),45974.0) -> 45974 | BB11: =IFERROR(__xludf.DUMMYFUNCTION("""COMPUTED_VALUE"""),45975.0) -> 45975 | BC11: =IFERROR(__xludf.DUMMYFUNCTION("""COMPUTED_VALUE"""),45976.0) -> 45976 | BD11: =IFERROR(__xludf.DUMMYFUNCTION("""COMPUTED_VALUE"""),45980.0) -> 45980 | BE11: =IFERROR(__xludf.DUMMYFUNCTION("""COMPUTED_VALUE"""),45981.0) -> 45981 | BF11: =IFERROR(__xludf.DUMMYFUNCTION("""COMPUTED_VALUE"""),45982.0) -> 45982 | BG11: =IFERROR(__xludf.DUMMYFUNCTION("""COMPUTED_VALUE"""),45983.0) -> 45983 | BH11: =IFERROR(__xludf.DUMMYFUNCTION("""COMPUTED_VALUE"""),45987.0) -> 45987 | BI11: =IFERROR(__xludf.DUMMYFUNCTION("""COMPUTED_VALUE"""),45988.0) -> 45988 | BL11: =IFERROR(__xludf.DUMMYFUNCTION("""COMPUTED_VALUE"""),45989.0) -> 45989 | BM11: =IFERROR(__xludf.DUMMYFUNCTION("""COMPUTED_VALUE"""),45990.0) -> 45990 | BN11: =IFERROR(__xludf.DUMMYFUNCTION("""COMPUTED_VALUE"""),45993.0) -> 45993 | BO11: =IFERROR(__xludf.DUMMYFUNCTION("""COMPUTED_VALUE"""),45994.0) -> 45994 | BP11: =IFERROR(__xludf.DUMMYFUNCTION("""COMPUTED_VALUE"""),45995.0) -> 45995 | BS11: =IFERROR(__xludf.DUMMYFUNCTION("""COMPUTED_VALUE"""),45996.0) -> 45996 | BT11: =IFERROR(__xludf.DUMMYFUNCTION("""COMPUTED_VALUE"""),46001.0) -> 46001 | BU11: =IFERROR(__xludf.DUMMYFUNCTION("""COMPUTED_VALUE"""),46002.0) -> 46002 | BV11: =IFERROR(__xludf.DUMMYFUNCTION("""COMPUTED_VALUE"""),46003.0) -> 46003 | BW11: =IFERROR(__xludf.DUMMYFUNCTION("""COMPUTED_VALUE"""),46004.0) -> 46004 | BZ11: =IFERROR(__xludf.DUMMYFUNCTION("""COMPUTED_VALUE"""),46008.0) -> 46008 | CA11: =IFERROR(__xludf.DUMMYFUNCTION("""COMPUTED_VALUE"""),46009.0) -> 46009 | CB11: =IFERROR(__xludf.DUMMYFUNCTION("""COMPUTED_VALUE"""),46010.0) -> 46010 | CC11: =IFERROR(__xludf.DUMMYFUNCTION("""COMPUTED_VALUE"""),46011.0) -> 46011 | CD11: =IFERROR(__xludf.DUMMYFUNCTION("""COMPUTED_VALUE"""),46015.0) -> 46015 | CG11: =IFERROR(__xludf.DUMMYFUNCTION("""COMPUTED_VALUE"""),46016.0) -> 46016 | CH11: =IFERROR(__xludf.DUMMYFUNCTION("""COMPUTED_VALUE"""),46017.0) -> 46017 | CI11: =IFERROR(__xludf.DUMMYFUNCTION("""COMPUTED_VALUE"""),46018.0) -> 46018 | CJ11: =IFERROR(__xludf.DUMMYFUNCTION("""COMPUTED_VALUE"""),"2 четверть") -> 2 четверть | CK11: =IFERROR(__xludf.DUMMYFUNCTION("""COMPUTED_VALUE"""),46036.0) -> 46036 | CL11: =IFERROR(__xludf.DUMMYFUNCTION("""COMPUTED_VALUE"""),46037.0) -> 46037 | CM11: =IFERROR(__xludf.DUMMYFUNCTION("""COMPUTED_VALUE"""),46038.0) -> 46038 | CP11: =IFERROR(__xludf.DUMMYFUNCTION("""COMPUTED_VALUE"""),46038.0) -> 46038 | CQ11: =IFERROR(__xludf.DUMMYFUNCTION("""COMPUTED_VALUE"""),46043.0) -> 46043 | CR11: =IFERROR(__xludf.DUMMYFUNCTION("""COMPUTED_VALUE"""),46044.0) -> 46044 | CS11: =IFERROR(__xludf.DUMMYFUNCTION("""COMPUTED_VALUE"""),46045.0) -> 46045 | CT11: =IFERROR(__xludf.DUMMYFUNCTION("""COMPUTED_VALUE"""),46045.0) -> 46045 | CU11: =IFERROR(__xludf.DUMMYFUNCTION("""COMPUTED_VALUE"""),46045.0) -> 46045 | CW11: =IFERROR(__xludf.DUMMYFUNCTION("""COMPUTED_VALUE"""),46050.0) -> 46050 | CX11: =IFERROR(__xludf.DUMMYFUNCTION("""COMPUTED_VALUE"""),46051.0) -> 46051 | CY11: =IFERROR(__xludf.DUMMYFUNCTION("""COMPUTED_VALUE"""),46052.0) -> 46052 | CZ11: =IFERROR(__xludf.DUMMYFUNCTION("""COMPUTED_VALUE"""),46052.0) -> 46052 | DA11: =IFERROR(__xludf.DUMMYFUNCTION("""COMPUTED_VALUE"""),46057.0) -> 46057 | DD11: =IFERROR(__xludf.DUMMYFUNCTION("""COMPUTED_VALUE"""),46058.0) -> 46058 | DE11: =IFERROR(__xludf.DUMMYFUNCTION("""COMPUTED_VALUE"""),46059.0) -> 46059 | DF11: =IFERROR(__xludf.DUMMYFUNCTION("""COMPUTED_VALUE"""),46059.0) -> 46059 | DG11: =IFERROR(__xludf.DUMMYFUNCTION("""COMPUTED_VALUE"""),46064.0) -> 46064 | DH11: =IFERROR(__xludf.DUMMYFUNCTION("""COMPUTED_VALUE"""),46065.0) -> 46065 | DK11: =IFERROR(__xludf.DUMMYFUNCTION("""COMPUTED_VALUE"""),46066.0) -> 46066 | DL11: =IFERROR(__xludf.DUMMYFUNCTION("""COMPUTED_VALUE"""),46066.0) -> 46066 | DM11: =IFERROR(__xludf.DUMMYFUNCTION("""COMPUTED_VALUE"""),46071.0) -> 46071 | DN11: =IFERROR(__xludf.DUMMYFUNCTION("""COMPUTED_VALUE"""),46072.0) -> 46072 | DO11: =IFERROR(__xludf.DUMMYFUNCTION("""COMPUTED_VALUE"""),46073.0) -> 46073 | DR11: =IFERROR(__xludf.DUMMYFUNCTION("""COMPUTED_VALUE"""),46073.0) -> 46073 | DS11: =IFERROR(__xludf.DUMMYFUNCTION("""COMPUTED_VALUE"""),46078.0) -> 46078 | DT11: =IFERROR(__xludf.DUMMYFUNCTION("""COMPUTED_VALUE"""),46079.0) -> 46079 | DU11: =IFERROR(__xludf.DUMMYFUNCTION("""COMPUTED_VALUE"""),46080.0) -> 46080 | DV11: =IFERROR(__xludf.DUMMYFUNCTION("""COMPUTED_VALUE"""),46080.0) -> 46080 | DY11: =IFERROR(__xludf.DUMMYFUNCTION("""COMPUTED_VALUE"""),46085.0) -> 46085 | DZ11: =IFERROR(__xludf.DUMMYFUNCTION("""COMPUTED_VALUE"""),46086.0) -> 46086 | EA11: =IFERROR(__xludf.DUMMYFUNCTION("""COMPUTED_VALUE"""),46087.0) -> 46087 | EB11: =IFERROR(__xludf.DUMMYFUNCTION("""COMPUTED_VALUE"""),46087.0) -> 46087 | EC11: =IFERROR(__xludf.DUMMYFUNCTION("""COMPUTED_VALUE"""),46092.0) -> 46092 | EF11: =IFERROR(__xludf.DUMMYFUNCTION("""COMPUTED_VALUE"""),46093.0) -> 46093 | EG11: =IFERROR(__xludf.DUMMYFUNCTION("""COMPUTED_VALUE"""),46094.0) -> 46094 | EH11: =IFERROR(__xludf.DUMMYFUNCTION("""COMPUTED_VALUE"""),46094.0) -> 46094 | EI11: =IFERROR(__xludf.DUMMYFUNCTION("""COMPUTED_VALUE"""),46099.0) -> 46099 | EJ11: =IFERROR(__xludf.DUMMYFUNCTION("""COMPUTED_VALUE"""),46099.0) -> 46099 | EK11: =IFERROR(__xludf.DUMMYFUNCTION("""COMPUTED_VALUE"""),46100.0) -> 46100 | EL11: =IFERROR(__xludf.DUMMYFUNCTION("""COMPUTED_VALUE"""),46100.0) -> 46100 | FC11: =IFERROR(__xludf.DUMMYFUNCTION("""COMPUTED_VALUE"""),"3 четверть") -> 3 четверть | HO11: =IFERROR(__xludf.DUMMYFUNCTION("""COMPUTED_VALUE"""),"4 четверть") -> 4 четверть | HP11: =IFERROR(__xludf.DUMMYFUNCTION("""COMPUTED_VALUE"""),"год") -> год | HQ11: =IFERROR(__xludf.DUMMYFUNCTION("""COMPUTED_VALUE"""),"рейтинг") -> рейтинг | HT11: =IFERROR(__xludf.DUMMYFUNCTION("""COMPUTED_VALUE"""),"Дата") -> Дата | HU11: =IFERROR(__xludf.DUMMYFUNCTION("""COMPUTED_VALUE"""),"Тема урока") -> Тема урока | HV11: =IFERROR(__xludf.DUMMYFUNCTION("""COMPUTED_VALUE"""),"Домашнее задание") -> Домашнее задание | HW11: =IFERROR(__xludf.DUMMYFUNCTION("""COMPUTED_VALUE"""),"Дата") -> Дата | HX11: =IFERROR(__xludf.DUMMYFUNCTION("""COMPUTED_VALUE"""),"Тема урока") -> Тема урока | HY11: =IFERROR(__xludf.DUMMYFUNCTION("""COMPUTED_VALUE"""),"Домашнее задание") -> Домашнее задание | HZ11: =IFERROR(__xludf.DUMMYFUNCTION("""COMPUTED_VALUE"""),"Дата") -> Дата | IA11: =IFERROR(__xludf.DUMMYFUNCTION("""COMPUTED_VALUE"""),"Тема урока") -> Тема урока | IB11: =IFERROR(__xludf.DUMMYFUNCTION("""COMPUTED_VALUE"""),"Домашнее задание") -> Домашнее задание | IC11: =IFERROR(__xludf.DUMMYFUNCTION("""COMPUTED_VALUE"""),"Дата") -> Дата | ID11: =IFERROR(__xludf.DUMMYFUNCTION("""COMPUTED_VALUE"""),"Тема урока") -> Тема урока | IE11: =IFERROR(__xludf.DUMMYFUNCTION("""COMPUTED_VALUE"""),"Домашнее задание") -> Домашнее задание
A12: Английский язык | B12: =IFERROR(__xludf.DUMMYFUNCTION("VLOOKUP($A$1,IMPORTRANGE($A$2, CONCATENATE($A12,""!$B$5:$JB$48"")),B$1,0)"),"") | C12: =IFERROR(__xludf.DUMMYFUNCTION("VLOOKUP($A$1,IMPORTRANGE($A$2, CONCATENATE($A12,""!$B$5:$JB$48"")),C$1,0)"),5.0) -> 5 | D12: =IFERROR(__xludf.DUMMYFUNCTION("VLOOKUP($A$1,IMPORTRANGE($A$2, CONCATENATE($A12,""!$B$5:$JB$48"")),D$1,0)"),"") | E12: =IFERROR(__xludf.DUMMYFUNCTION("VLOOKUP($A$1,IMPORTRANGE($A$2, CONCATENATE($A12,""!$B$5:$JB$48"")),E$1,0)"),2.0) -> 2 | F12: =IFERROR(__xludf.DUMMYFUNCTION("VLOOKUP($A$1,IMPORTRANGE($A$2, CONCATENATE($A12,""!$B$5:$JB$48"")),F$1,0)"),"") | G12: =IFERROR(__xludf.DUMMYFUNCTION("VLOOKUP($A$1,IMPORTRANGE($A$2, CONCATENATE($A12,""!$B$5:$JB$48"")),G$1,0)"),"") | H12: =IFERROR(__xludf.DUMMYFUNCTION("VLOOKUP($A$1,IMPORTRANGE($A$2, CONCATENATE($A12,""!$B$5:$JB$48"")),H$1,0)"),"") | I12: =IFERROR(__xludf.DUMMYFUNCTION("VLOOKUP($A$1,IMPORTRANGE($A$2, CONCATENATE($A12,""!$B$5:$JB$48"")),I$1,0)"),5.0) -> 5 | J12: =IFERROR(__xludf.DUMMYFUNCTION("VLOOKUP($A$1,IMPORTRANGE($A$2, CONCATENATE($A12,""!$B$5:$JB$48"")),J$1,0)"),"") | K12: =IFERROR(__xludf.DUMMYFUNCTION("VLOOKUP($A$1,IMPORTRANGE($A$2, CONCATENATE($A12,""!$B$5:$JB$48"")),K$1,0)"),"") | L12: =IFERROR(__xludf.DUMMYFUNCTION("VLOOKUP($A$1,IMPORTRANGE($A$2, CONCATENATE($A12,""!$B$5:$JB$48"")),L$1,0)"),"") | M12: =IFERROR(__xludf.DUMMYFUNCTION("VLOOKUP($A$1,IMPORTRANGE($A$2, CONCATENATE($A12,""!$B$5:$JB$48"")),M$1,0)"),"") | N12: =IFERROR(__xludf.DUMMYFUNCTION("VLOOKUP($A$1,IMPORTRANGE($A$2, CONCATENATE($A12,""!$B$5:$JB$48"")),N$1,0)"),"") | O12: =IFERROR(__xludf.DUMMYFUNCTION("VLOOKUP($A$1,IMPORTRANGE($A$2, CONCATENATE($A12,""!$B$5:$JB$48"")),O$1,0)"),"") | P12: =IFERROR(__xludf.DUMMYFUNCTION("VLOOKUP($A$1,IMPORTRANGE($A$2, CONCATENATE($A12,""!$B$5:$JB$48"")),P$1,0)"),4.0) -> 4 | Q12: =IFERROR(__xludf.DUMMYFUNCTION("VLOOKUP($A$1,IMPORTRANGE($A$2, CONCATENATE($A12,""!$B$5:$JB$48"")),Q$1,0)"),3.0) -> 3 | R12: =IFERROR(__xludf.DUMMYFUNCTION("VLOOKUP($A$1,IMPORTRANGE($A$2, CONCATENATE($A12,""!$B$5:$JB$48"")),R$1,0)"),"") | S12: =IFERROR(__xludf.DUMMYFUNCTION("VLOOKUP($A$1,IMPORTRANGE($A$2, CONCATENATE($A12,""!$B$5:$JB$48"")),S$1,0)"),3.0) -> 3 | T12: =IFERROR(__xludf.DUMMYFUNCTION("VLOOKUP($A$1,IMPORTRANGE($A$2, CONCATENATE($A12,""!$B$5:$JB$48"")),T$1,0)"),3.0) -> 3 | U12: =IFERROR(__xludf.DUMMYFUNCTION("VLOOKUP($A$1,IMPORTRANGE($A$2, CONCATENATE($A12,""!$B$5:$JB$48"")),U$1,0)"),"") | V12: =IFERROR(__xludf.DUMMYFUNCTION("VLOOKUP($A$1,IMPORTRANGE($A$2, CONCATENATE($A12,""!$B$5:$JB$48"")),V$1,0)"),"") | W12: =IFERROR(__xludf.DUMMYFUNCTION("VLOOKUP($A$1,IMPORTRANGE($A$2, CONCATENATE($A12,""!$B$5:$JB$48"")),W$1,0)"),"") | X12: =IFERROR(__xludf.DUMMYFUNCTION("VLOOKUP($A$1,IMPORTRANGE($A$2, CONCATENATE($A12,""!$B$5:$JB$48"")),X$1,0)"),3.0) -> 3 | Y12: =IFERROR(__xludf.DUMMYFUNCTION("VLOOKUP($A$1,IMPORTRANGE($A$2, CONCATENATE($A12,""!$B$5:$JB$48"")),Y$1,0)"),5.0) -> 5 | Z12: =IFERROR(__xludf.DUMMYFUNCTION("VLOOKUP($A$1,IMPORTRANGE($A$2, CONCATENATE($A12,""!$B$5:$JB$48"")),Z$1,0)"),"") | AA12: =IFERROR(__xludf.DUMMYFUNCTION("VLOOKUP($A$1,IMPORTRANGE($A$2, CONCATENATE($A12,""!$B$5:$JB$48"")),AA$1,0)"),"") | AB12: =IFERROR(__xludf.DUMMYFUNCTION("VLOOKUP($A$1,IMPORTRANGE($A$2, CONCATENATE($A12,""!$B$5:$JB$48"")),AB$1,0)"),"") | AC12: =IFERROR(__xludf.DUMMYFUNCTION("VLOOKUP($A$1,IMPORTRANGE($A$2, CONCATENATE($A12,""!$B$5:$JB$48"")),AC$1,0)"),"") | AD12: =IFERROR(__xludf.DUMMYFUNCTION("VLOOKUP($A$1,IMPORTRANGE($A$2, CONCATENATE($A12,""!$B$5:$JB$48"")),AD$1,0)"),"") | AE12: =IFERROR(__xludf.DUMMYFUNCTION("VLOOKUP($A$1,IMPORTRANGE($A$2, CONCATENATE($A12,""!$B$5:$JB$48"")),AE$1,0)"),5.0) -> 5 | AF12: =IFERROR(__xludf.DUMMYFUNCTION("VLOOKUP($A$1,IMPORTRANGE($A$2, CONCATENATE($A12,""!$B$5:$JB$48"")),AF$1,0)"),"") | AG12: =IFERROR(__xludf.DUMMYFUNCTION("VLOOKUP($A$1,IMPORTRANGE($A$2, CONCATENATE($A12,""!$B$5:$JB$48"")),AG$1,0)"),"") | AH12: =IFERROR(__xludf.DUMMYFUNCTION("VLOOKUP($A$1,IMPORTRANGE($A$2, CONCATENATE($A12,""!$B$5:$JB$48"")),AH$1,0)"),"") | AI12: =IFERROR(__xludf.DUMMYFUNCTION("VLOOKUP($A$1,IMPORTRANGE($A$2, CONCATENATE($A12,""!$B$5:$JB$48"")),AI$1,0)"),"") | AJ12: =IFERROR(__xludf.DUMMYFUNCTION("VLOOKUP($A$1,IMPORTRANGE($A$2, CONCATENATE($A12,""!$B$5:$JB$48"")),AJ$1,0)"),"") | AK12: =IFERROR(__xludf.DUMMYFUNCTION("VLOOKUP($A$1,IMPORTRANGE($A$2, CONCATENATE($A12,""!$B$5:$JB$48"")),AK$1,0)"),4.0) -> 4 | AL12: =IFERROR(__xludf.DUMMYFUNCTION("VLOOKUP($A$1,IMPORTRANGE($A$2, CONCATENATE($A12,""!$B$5:$JB$48"")),AL$1,0)"),4.0) -> 4 | AM12: =IFERROR(__xludf.DUMMYFUNCTION("VLOOKUP($A$1,IMPORTRANGE($A$2, CONCATENATE($A12,""!$B$5:$JB$48"")),AM$1,0)"),5.0) -> 5 | AN12: =IFERROR(__xludf.DUMMYFUNCTION("VLOOKUP($A$1,IMPORTRANGE($A$2, CONCATENATE($A12,""!$B$5:$JB$48"")),AN$1,0)"),"") | AO12: =IFERROR(__xludf.DUMMYFUNCTION("VLOOKUP($A$1,IMPORTRANGE($A$2, CONCATENATE($A12,""!$B$5:$JB$48"")),AO$1,0)"),5.0) -> 5 | AP12: =IFERROR(__xludf.DUMMYFUNCTION("VLOOKUP($A$1,IMPORTRANGE($A$2, CONCATENATE($A12,""!$B$5:$JB$48"")),AP$1,0)"),"") | AQ12: =IFERROR(__xludf.DUMMYFUNCTION("VLOOKUP($A$1,IMPORTRANGE($A$2, CONCATENATE($A12,""!$B$5:$JB$48"")),AQ$1,0)"),"") | AR12: =IFERROR(__xludf.DUMMYFUNCTION("VLOOKUP($A$1,IMPORTRANGE($A$2, CONCATENATE($A12,""!$B$5:$JB$48"")),AR$1,0)"),4.0) -> 4 | AS12: =IFERROR(__xludf.DUMMYFUNCTION("VLOOKUP($A$1,IMPORTRANGE($A$2, CONCATENATE($A12,""!$B$5:$JB$48"")),AS$1,0)"),"") | AT12: =IFERROR(__xludf.DUMMYFUNCTION("VLOOKUP($A$1,IMPORTRANGE($A$2, CONCATENATE($A12,""!$B$5:$JB$48"")),AT$1,0)"),"") | AU12: =IFERROR(__xludf.DUMMYFUNCTION("VLOOKUP($A$1,IMPORTRANGE($A$2, CONCATENATE($A12,""!$B$5:$JB$48"")),AU$1,0)"),"") | AV12: =IFERROR(__xludf.DUMMYFUNCTION("VLOOKUP($A$1,IMPORTRANGE($A$2, CONCATENATE($A12,""!$B$5:$JB$48"")),AV$1,0)"),4.0) -> 4 | AW12: =IFERROR(__xludf.DUMMYFUNCTION("VLOOKUP($A$1,IMPORTRANGE($A$2, CONCATENATE($A12,""!$B$5:$JB$48"")),AW$1,0)"),"") | AX12: =IFERROR(__xludf.DUMMYFUNCTION("VLOOKUP($A$1,IMPORTRANGE($A$2, CONCATENATE($A12,""!$B$5:$JB$48"")),AX$1,0)"),"") | AY12: =IFERROR(__xludf.DUMMYFUNCTION("VLOOKUP($A$1,IMPORTRANGE($A$2, CONCATENATE($A12,""!$B$5:$JB$48"")),AY$1,0)"),4.0) -> 4 | AZ12: =IFERROR(__xludf.DUMMYFUNCTION("VLOOKUP($A$1,IMPORTRANGE($A$2, CONCATENATE($A12,""!$B$5:$JB$48"")),AZ$1,0)"),2.0) -> 2 | BA12: =IFERROR(__xludf.DUMMYFUNCTION("VLOOKUP($A$1,IMPORTRANGE($A$2, CONCATENATE($A12,""!$B$5:$JB$48"")),BA$1,0)"),"") | BB12: =IFERROR(__xludf.DUMMYFUNCTION("VLOOKUP($A$1,IMPORTRANGE($A$2, CONCATENATE($A12,""!$B$5:$JB$48"")),BB$1,0)"),4.0) -> 4 | BC12: =IFERROR(__xludf.DUMMYFUNCTION("VLOOKUP($A$1,IMPORTRANGE($A$2, CONCATENATE($A12,""!$B$5:$JB$48"")),BC$1,0)"),"") | BD12: =IFERROR(__xludf.DUMMYFUNCTION("VLOOKUP($A$1,IMPORTRANGE($A$2, CONCATENATE($A12,""!$B$5:$JB$48"")),BD$1,0)"),"") | BE12: =IFERROR(__xludf.DUMMYFUNCTION("VLOOKUP($A$1,IMPORTRANGE($A$2, CONCATENATE($A12,""!$B$5:$JB$48"")),BE$1,0)"),"") | BF12: =IFERROR(__xludf.DUMMYFUNCTION("VLOOKUP($A$1,IMPORTRANGE($A$2, CONCATENATE($A12,""!$B$5:$JB$48"")),BF$1,0)"),"") | BG12: =IFERROR(__xludf.DUMMYFUNCTION("VLOOKUP($A$1,IMPORTRANGE($A$2, CONCATENATE($A12,""!$B$5:$JB$48"")),BG$1,0)"),"н") -> н | BH12: =IFERROR(__xludf.DUMMYFUNCTION("VLOOKUP($A$1,IMPORTRANGE($A$2, CONCATENATE($A12,""!$B$5:$JB$48"")),BH$1,0)"),"") | BI12: =IFERROR(__xludf.DUMMYFUNCTION("VLOOKUP($A$1,IMPORTRANGE($A$2, CONCATENATE($A12,""!$B$5:$JB$48"")),BI$1,0)"),"") | BJ12: =IFERROR(__xludf.DUMMYFUNCTION("VLOOKUP($A$1,IMPORTRANGE($A$2, CONCATENATE($A12,""!$B$5:$JB$48"")),BJ$1,0)"),"") | BK12: =IFERROR(__xludf.DUMMYFUNCTION("VLOOKUP($A$1,IMPORTRANGE($A$2, CONCATENATE($A12,""!$B$5:$JB$48"")),BK$1,0)"),"") | BL12: =IFERROR(__xludf.DUMMYFUNCTION("VLOOKUP($A$1,IMPORTRANGE($A$2, CONCATENATE($A12,""!$B$5:$JB$48"")),BL$1,0)"),4.0) -> 4 | BM12: =IFERROR(__xludf.DUMMYFUNCTION("VLOOKUP($A$1,IMPORTRANGE($A$2, CONCATENATE($A12,""!$B$5:$JB$48"")),BM$1,0)"),"") | BN12: =IFERROR(__xludf.DUMMYFUNCTION("VLOOKUP($A$1,IMPORTRANGE($A$2, CONCATENATE($A12,""!$B$5:$JB$48"")),BN$1,0)"),5.0) -> 5 | BO12: =IFERROR(__xludf.DUMMYFUNCTION("VLOOKUP($A$1,IMPORTRANGE($A$2, CONCATENATE($A12,""!$B$5:$JB$48"")),BO$1,0)"),4.0) -> 4 | BP12: =IFERROR(__xludf.DUMMYFUNCTION("VLOOKUP($A$1,IMPORTRANGE($A$2, CONCATENATE($A12,""!$B$5:$JB$48"")),BP$1,0)"),"") | BQ12: =IFERROR(__xludf.DUMMYFUNCTION("VLOOKUP($A$1,IMPORTRANGE($A$2, CONCATENATE($A12,""!$B$5:$JB$48"")),BQ$1,0)"),"") | BR12: =IFERROR(__xludf.DUMMYFUNCTION("VLOOKUP($A$1,IMPORTRANGE($A$2, CONCATENATE($A12,""!$B$5:$JB$48"")),BR$1,0)"),"") | BS12: =IFERROR(__xludf.DUMMYFUNCTION("VLOOKUP($A$1,IMPORTRANGE($A$2, CONCATENATE($A12,""!$B$5:$JB$48"")),BS$1,0)"),"") | BT12: =IFERROR(__xludf.DUMMYFUNCTION("VLOOKUP($A$1,IMPORTRANGE($A$2, CONCATENATE($A12,""!$B$5:$JB$48"")),BT$1,0)"),"") | BU12: =IFERROR(__xludf.DUMMYFUNCTION("VLOOKUP($A$1,IMPORTRANGE($A$2, CONCATENATE($A12,""!$B$5:$JB$48"")),BU$1,0)"),5.0) -> 5 | BV12: =IFERROR(__xludf.DUMMYFUNCTION("VLOOKUP($A$1,IMPORTRANGE($A$2, CONCATENATE($A12,""!$B$5:$JB$48"")),BV$1,0)"),"") | BW12: =IFERROR(__xludf.DUMMYFUNCTION("VLOOKUP($A$1,IMPORTRANGE($A$2, CONCATENATE($A12,""!$B$5:$JB$48"")),BW$1,0)"),"") | BX12: =IFERROR(__xludf.DUMMYFUNCTION("VLOOKUP($A$1,IMPORTRANGE($A$2, CONCATENATE($A12,""!$B$5:$JB$48"")),BX$1,0)"),"") | BY12: =IFERROR(__xludf.DUMMYFUNCTION("VLOOKUP($A$1,IMPORTRANGE($A$2, CONCATENATE($A12,""!$B$5:$JB$48"")),BY$1,0)"),"") | BZ12: =IFERROR(__xludf.DUMMYFUNCTION("VLOOKUP($A$1,IMPORTRANGE($A$2, CONCATENATE($A12,""!$B$5:$JB$48"")),BZ$1,0)"),"") | CA12: =IFERROR(__xludf.DUMMYFUNCTION("VLOOKUP($A$1,IMPORTRANGE($A$2, CONCATENATE($A12,""!$B$5:$JB$48"")),CA$1,0)"),"") | CB12: =IFERROR(__xludf.DUMMYFUNCTION("VLOOKUP($A$1,IMPORTRANGE($A$2, CONCATENATE($A12,""!$B$5:$JB$48"")),CB$1,0)"),"н") -> н | CC12: =IFERROR(__xludf.DUMMYFUNCTION("VLOOKUP($A$1,IMPORTRANGE($A$2, CONCATENATE($A12,""!$B$5:$JB$48"")),CC$1,0)"),"") | CD12: =IFERROR(__xludf.DUMMYFUNCTION("VLOOKUP($A$1,IMPORTRANGE($A$2, CONCATENATE($A12,""!$B$5:$JB$48"")),CD$1,0)"),"") | CE12: =IFERROR(__xludf.DUMMYFUNCTION("VLOOKUP($A$1,IMPORTRANGE($A$2, CONCATENATE($A12,""!$B$5:$JB$48"")),CE$1,0)"),"") | CF12: =IFERROR(__xludf.DUMMYFUNCTION("VLOOKUP($A$1,IMPORTRANGE($A$2, CONCATENATE($A12,""!$B$5:$JB$48"")),CF$1,0)"),"") | CG12: =IFERROR(__xludf.DUMMYFUNCTION("VLOOKUP($A$1,IMPORTRANGE($A$2, CONCATENATE($A12,""!$B$5:$JB$48"")),CG$1,0)"),"") | CH12: =IFERROR(__xludf.DUMMYFUNCTION("VLOOKUP($A$1,IMPORTRANGE($A$2, CONCATENATE($A12,""!$B$5:$JB$48"")),CH$1,0)"),"") | CI12: =IFERROR(__xludf.DUMMYFUNCTION("VLOOKUP($A$1,IMPORTRANGE($A$2, CONCATENATE($A12,""!$B$5:$JB$48"")),CI$1,0)"),4.0) -> 4 | CJ12: =IFERROR(__xludf.DUMMYFUNCTION("VLOOKUP($A$1,IMPORTRANGE($A$2, CONCATENATE($A12,""!$B$5:$JB$48"")),CJ$1,0)"),4.0) -> 4 | CK12: =IFERROR(__xludf.DUMMYFUNCTION("VLOOKUP($A$1,IMPORTRANGE($A$2, CONCATENATE($A12,""!$B$5:$JB$48"")),CK$1,0)"),"") | CL12: =IFERROR(__xludf.DUMMYFUNCTION("VLOOKUP($A$1,IMPORTRANGE($A$2, CONCATENATE($A12,""!$B$5:$JB$48"")),CL$1,0)"),5.0) -> 5 | CM12: =IFERROR(__xludf.DUMMYFUNCTION("VLOOKUP($A$1,IMPORTRANGE($A$2, CONCATENATE($A12,""!$B$5:$JB$48"")),CM$1,0)"),"н") -> н | CN12: =IFERROR(__xludf.DUMMYFUNCTION("VLOOKUP($A$1,IMPORTRANGE($A$2, CONCATENATE($A12,""!$B$5:$JB$48"")),CN$1,0)"),"") | CO12: =IFERROR(__xludf.DUMMYFUNCTION("VLOOKUP($A$1,IMPORTRANGE($A$2, CONCATENATE($A12,""!$B$5:$JB$48"")),CO$1,0)"),"") | CP12: =IFERROR(__xludf.DUMMYFUNCTION("VLOOKUP($A$1,IMPORTRANGE($A$2, CONCATENATE($A12,""!$B$5:$JB$48"")),CP$1,0)"),"") | CQ12: =IFERROR(__xludf.DUMMYFUNCTION("VLOOKUP($A$1,IMPORTRANGE($A$2, CONCATENATE($A12,""!$B$5:$JB$48"")),CQ$1,0)"),5.0) -> 5 | CR12: =IFERROR(__xludf.DUMMYFUNCTION("VLOOKUP($A$1,IMPORTRANGE($A$2, CONCATENATE($A12,""!$B$5:$JB$48"")),CR$1,0)"),3.0) -> 3 | CS12: =IFERROR(__xludf.DUMMYFUNCTION("VLOOKUP($A$1,IMPORTRANGE($A$2, CONCATENATE($A12,""!$B$5:$JB$48"")),CS$1,0)"),"") | CT12: =IFERROR(__xludf.DUMMYFUNCTION("VLOOKUP($A$1,IMPORTRANGE($A$2, CONCATENATE($A12,""!$B$5:$JB$48"")),CT$1,0)"),"") | CU12: =IFERROR(__xludf.DUMMYFUNCTION("VLOOKUP($A$1,IMPORTRANGE($A$2, CONCATENATE($A12,""!$B$5:$JB$48"")),CU$1,0)"),"") | CV12: =IFERROR(__xludf.DUMMYFUNCTION("VLOOKUP($A$1,IMPORTRANGE($A$2, CONCATENATE($A12,""!$B$5:$JB$48"")),CV$1,0)"),"") | CW12: =IFERROR(__xludf.DUMMYFUNCTION("VLOOKUP($A$1,IMPORTRANGE($A$2, CONCATENATE($A12,""!$B$5:$JB$48"")),CW$1,0)"),"") | CX12: =IFERROR(__xludf.DUMMYFUNCTION("VLOOKUP($A$1,IMPORTRANGE($A$2, CONCATENATE($A12,""!$B$5:$JB$48"")),CX$1,0)"),"") | CY12: =IFERROR(__xludf.DUMMYFUNCTION("VLOOKUP($A$1,IMPORTRANGE($A$2, CONCATENATE($A12,""!$B$5:$JB$48"")),CY$1,0)"),5.0) -> 5 | CZ12: =IFERROR(__xludf.DUMMYFUNCTION("VLOOKUP($A$1,IMPORTRANGE($A$2, CONCATENATE($A12,""!$B$5:$JB$48"")),CZ$1,0)"),5.0) -> 5 | DA12: =IFERROR(__xludf.DUMMYFUNCTION("VLOOKUP($A$1,IMPORTRANGE($A$2, CONCATENATE($A12,""!$B$5:$JB$48"")),DA$1,0)"),"") | DB12: =IFERROR(__xludf.DUMMYFUNCTION("VLOOKUP($A$1,IMPORTRANGE($A$2, CONCATENATE($A12,""!$B$5:$JB$48"")),DB$1,0)"),"") | DC12: =IFERROR(__xludf.DUMMYFUNCTION("VLOOKUP($A$1,IMPORTRANGE($A$2, CONCATENATE($A12,""!$B$5:$JB$48"")),DC$1,0)"),"") | DD12: =IFERROR(__xludf.DUMMYFUNCTION("VLOOKUP($A$1,IMPORTRANGE($A$2, CONCATENATE($A12,""!$B$5:$JB$48"")),DD$1,0)"),"") | DE12: =IFERROR(__xludf.DUMMYFUNCTION("VLOOKUP($A$1,IMPORTRANGE($A$2, CONCATENATE($A12,""!$B$5:$JB$48"")),DE$1,0)"),4.0) -> 4 | DF12: =IFERROR(__xludf.DUMMYFUNCTION("VLOOKUP($A$1,IMPORTRANGE($A$2, CONCATENATE($A12,""!$B$5:$JB$48"")),DF$1,0)"),"") | DG12: =IFERROR(__xludf.DUMMYFUNCTION("VLOOKUP($A$1,IMPORTRANGE($A$2, CONCATENATE($A12,""!$B$5:$JB$48"")),DG$1,0)"),"") | DH12: =IFERROR(__xludf.DUMMYFUNCTION("VLOOKUP($A$1,IMPORTRANGE($A$2, CONCATENATE($A12,""!$B$5:$JB$48"")),DH$1,0)"),2.0) -> 2 | DI12: =IFERROR(__xludf.DUMMYFUNCTION("VLOOKUP($A$1,IMPORTRANGE($A$2, CONCATENATE($A12,""!$B$5:$JB$48"")),DI$1,0)"),"") | DJ12: =IFERROR(__xludf.DUMMYFUNCTION("VLOOKUP($A$1,IMPORTRANGE($A$2, CONCATENATE($A12,""!$B$5:$JB$48"")),DJ$1,0)"),"") | DK12: =IFERROR(__xludf.DUMMYFUNCTION("VLOOKUP($A$1,IMPORTRANGE($A$2, CONCATENATE($A12,""!$B$5:$JB$48"")),DK$1,0)"),"") | DL12: =IFERROR(__xludf.DUMMYFUNCTION("VLOOKUP($A$1,IMPORTRANGE($A$2, CONCATENATE($A12,""!$B$5:$JB$48"")),DL$1,0)"),".") -> . | DM12: =IFERROR(__xludf.DUMMYFUNCTION("VLOOKUP($A$1,IMPORTRANGE($A$2, CONCATENATE($A12,""!$B$5:$JB$48"")),DM$1,0)"),4.0) -> 4 | DN12: =IFERROR(__xludf.DUMMYFUNCTION("VLOOKUP($A$1,IMPORTRANGE($A$2, CONCATENATE($A12,""!$B$5:$JB$48"")),DN$1,0)"),"") | DO12: =IFERROR(__xludf.DUMMYFUNCTION("VLOOKUP($A$1,IMPORTRANGE($A$2, CONCATENATE($A12,""!$B$5:$JB$48"")),DO$1,0)"),"") | DP12: =IFERROR(__xludf.DUMMYFUNCTION("VLOOKUP($A$1,IMPORTRANGE($A$2, CONCATENATE($A12,""!$B$5:$JB$48"")),DP$1,0)"),"") | DQ12: =IFERROR(__xludf.DUMMYFUNCTION("VLOOKUP($A$1,IMPORTRANGE($A$2, CONCATENATE($A12,""!$B$5:$JB$48"")),DQ$1,0)"),"") | DR12: =IFERROR(__xludf.DUMMYFUNCTION("VLOOKUP($A$1,IMPORTRANGE($A$2, CONCATENATE($A12,""!$B$5:$JB$48"")),DR$1,0)"),"") | DS12: =IFERROR(__xludf.DUMMYFUNCTION("VLOOKUP($A$1,IMPORTRANGE($A$2, CONCATENATE($A12,""!$B$5:$JB$48"")),DS$1,0)"),"н") -> н | DT12: =IFERROR(__xludf.DUMMYFUNCTION("VLOOKUP($A$1,IMPORTRANGE($A$2, CONCATENATE($A12,""!$B$5:$JB$48"")),DT$1,0)"),"") | DU12: =IFERROR(__xludf.DUMMYFUNCTION("VLOOKUP($A$1,IMPORTRANGE($A$2, CONCATENATE($A12,""!$B$5:$JB$48"")),DU$1,0)"),"") | DV12: =IFERROR(__xludf.DUMMYFUNCTION("VLOOKUP($A$1,IMPORTRANGE($A$2, CONCATENATE($A12,""!$B$5:$JB$48"")),DV$1,0)"),".") -> . | DW12: =IFERROR(__xludf.DUMMYFUNCTION("VLOOKUP($A$1,IMPORTRANGE($A$2, CONCATENATE($A12,""!$B$5:$JB$48"")),DW$1,0)"),"") | DX12: =IFERROR(__xludf.DUMMYFUNCTION("VLOOKUP($A$1,IMPORTRANGE($A$2, CONCATENATE($A12,""!$B$5:$JB$48"")),DX$1,0)"),"") | DY12: =IFERROR(__xludf.DUMMYFUNCTION("VLOOKUP($A$1,IMPORTRANGE($A$2, CONCATENATE($A12,""!$B$5:$JB$48"")),DY$1,0)"),3.0) -> 3 | DZ12: =IFERROR(__xludf.DUMMYFUNCTION("VLOOKUP($A$1,IMPORTRANGE($A$2, CONCATENATE($A12,""!$B$5:$JB$48"")),DZ$1,0)"),"") | EA12: =IFERROR(__xludf.DUMMYFUNCTION("VLOOKUP($A$1,IMPORTRANGE($A$2, CONCATENATE($A12,""!$B$5:$JB$48"")),EA$1,0)"),"") | EB12: =IFERROR(__xludf.DUMMYFUNCTION("VLOOKUP($A$1,IMPORTRANGE($A$2, CONCATENATE($A12,""!$B$5:$JB$48"")),EB$1,0)"),4.0) -> 4 | EC12: =IFERROR(__xludf.DUMMYFUNCTION("VLOOKUP($A$1,IMPORTRANGE($A$2, CONCATENATE($A12,""!$B$5:$JB$48"")),EC$1,0)"),"") | ED12: =IFERROR(__xludf.DUMMYFUNCTION("VLOOKUP($A$1,IMPORTRANGE($A$2, CONCATENATE($A12,""!$B$5:$JB$48"")),ED$1,0)"),"") | EE12: =IFERROR(__xludf.DUMMYFUNCTION("VLOOKUP($A$1,IMPORTRANGE($A$2, CONCATENATE($A12,""!$B$5:$JB$48"")),EE$1,0)"),"") | EF12: =IFERROR(__xludf.DUMMYFUNCTION("VLOOKUP($A$1,IMPORTRANGE($A$2, CONCATENATE($A12,""!$B$5:$JB$48"")),EF$1,0)"),"дз") -> дз | EG12: =IFERROR(__xludf.DUMMYFUNCTION("VLOOKUP($A$1,IMPORTRANGE($A$2, CONCATENATE($A12,""!$B$5:$JB$48"")),EG$1,0)"),"") | EH12: =IFERROR(__xludf.DUMMYFUNCTION("VLOOKUP($A$1,IMPORTRANGE($A$2, CONCATENATE($A12,""!$B$5:$JB$48"")),EH$1,0)"),"") | EI12: =IFERROR(__xludf.DUMMYFUNCTION("VLOOKUP($A$1,IMPORTRANGE($A$2, CONCATENATE($A12,""!$B$5:$JB$48"")),EI$1,0)"),"") | EJ12: =IFERROR(__xludf.DUMMYFUNCTION("VLOOKUP($A$1,IMPORTRANGE($A$2, CONCATENATE($A12,""!$B$5:$JB$48"")),EJ$1,0)"),"") | EK12: =IFERROR(__xludf.DUMMYFUNCTION("VLOOKUP($A$1,IMPORTRANGE($A$2, CONCATENATE($A12,""!$B$5:$JB$48"")),EK$1,0)"),4.0) -> 4 | EL12: =IFERROR(__xludf.DUMMYFUNCTION("VLOOKUP($A$1,IMPORTRANGE($A$2, CONCATENATE($A12,""!$B$5:$JB$48"")),EL$1,0)"),"") | EM12: =IFERROR(__xludf.DUMMYFUNCTION("VLOOKUP($A$1,IMPORTRANGE($A$2, CONCATENATE($A12,""!$B$5:$JB$48"")),EM$1,0)"),"") | EN12: =IFERROR(__xludf.DUMMYFUNCTION("VLOOKUP($A$1,IMPORTRANGE($A$2, CONCATENATE($A12,""!$B$5:$JB$48"")),EN$1,0)"),"") | EO12: =IFERROR(__xludf.DUMMYFUNCTION("VLOOKUP($A$1,IMPORTRANGE($A$2, CONCATENATE($A12,""!$B$5:$JB$48"")),EO$1,0)"),"") | EP12: =IFERROR(__xludf.DUMMYFUNCTION("VLOOKUP($A$1,IMPORTRANGE($A$2, CONCATENATE($A12,""!$B$5:$JB$48"")),EP$1,0)"),"") | EQ12: =IFERROR(__xludf.DUMMYFUNCTION("VLOOKUP($A$1,IMPORTRANGE($A$2, CONCATENATE($A12,""!$B$5:$JB$48"")),EQ$1,0)"),"") | ER12: =IFERROR(__xludf.DUMMYFUNCTION("VLOOKUP($A$1,IMPORTRANGE($A$2, CONCATENATE($A12,""!$B$5:$JB$48"")),ER$1,0)"),"") | ES12: =IFERROR(__xludf.DUMMYFUNCTION("VLOOKUP($A$1,IMPORTRANGE($A$2, CONCATENATE($A12,""!$B$5:$JB$48"")),ES$1,0)"),"") | ET12: =IFERROR(__xludf.DUMMYFUNCTION("VLOOKUP($A$1,IMPORTRANGE($A$2, CONCATENATE($A12,""!$B$5:$JB$48"")),ET$1,0)"),"") | EU12: =IFERROR(__xludf.DUMMYFUNCTION("VLOOKUP($A$1,IMPORTRANGE($A$2, CONCATENATE($A12,""!$B$5:$JB$48"")),EU$1,0)"),"") | EV12: =IFERROR(__xludf.DUMMYFUNCTION("VLOOKUP($A$1,IMPORTRANGE($A$2, CONCATENATE($A12,""!$B$5:$JB$48"")),EV$1,0)"),"") | EW12: =IFERROR(__xludf.DUMMYFUNCTION("VLOOKUP($A$1,IMPORTRANGE($A$2, CONCATENATE($A12,""!$B$5:$JB$48"")),EW$1,0)"),"") | EX12: =IFERROR(__xludf.DUMMYFUNCTION("VLOOKUP($A$1,IMPORTRANGE($A$2, CONCATENATE($A12,""!$B$5:$JB$48"")),EX$1,0)"),"") | EY12: =IFERROR(__xludf.DUMMYFUNCTION("VLOOKUP($A$1,IMPORTRANGE($A$2, CONCATENATE($A12,""!$B$5:$JB$48"")),EY$1,0)"),"") | EZ12: =IFERROR(__xludf.DUMMYFUNCTION("VLOOKUP($A$1,IMPORTRANGE($A$2, CONCATENATE($A12,""!$B$5:$JB$48"")),EZ$1,0)"),"") | FA12: =IFERROR(__xludf.DUMMYFUNCTION("VLOOKUP($A$1,IMPORTRANGE($A$2, CONCATENATE($A12,""!$B$5:$JB$48"")),FA$1,0)"),"") | FB12: =IFERROR(__xludf.DUMMYFUNCTION("VLOOKUP($A$1,IMPORTRANGE($A$2, CONCATENATE($A12,""!$B$5:$JB$48"")),FB$1,0)"),"") | FC12: =IFERROR(__xludf.DUMMYFUNCTION("VLOOKUP($A$1,IMPORTRANGE($A$2, CONCATENATE($A12,""!$B$5:$JB$48"")),FC$1,0)"),4.0) -> 4 | FD12: =IFERROR(__xludf.DUMMYFUNCTION("VLOOKUP($A$1,IMPORTRANGE($A$2, CONCATENATE($A12,""!$B$5:$JB$48"")),FD$1,0)"),"") | FE12: =IFERROR(__xludf.DUMMYFUNCTION("VLOOKUP($A$1,IMPORTRANGE($A$2, CONCATENATE($A12,""!$B$5:$JB$48"")),FE$1,0)"),"") | FF12: =IFERROR(__xludf.DUMMYFUNCTION("VLOOKUP($A$1,IMPORTRANGE($A$2, CONCATENATE($A12,""!$B$5:$JB$48"")),FF$1,0)"),"") | FG12: =IFERROR(__xludf.DUMMYFUNCTION("VLOOKUP($A$1,IMPORTRANGE($A$2, CONCATENATE($A12,""!$B$5:$JB$48"")),FG$1,0)"),"") | FH12: =IFERROR(__xludf.DUMMYFUNCTION("VLOOKUP($A$1,IMPORTRANGE($A$2, CONCATENATE($A12,""!$B$5:$JB$48"")),FH$1,0)"),"") | FI12: =IFERROR(__xludf.DUMMYFUNCTION("VLOOKUP($A$1,IMPORTRANGE($A$2, CONCATENATE($A12,""!$B$5:$JB$48"")),FI$1,0)"),"") | FJ12: =IFERROR(__xludf.DUMMYFUNCTION("VLOOKUP($A$1,IMPORTRANGE($A$2, CONCATENATE($A12,""!$B$5:$JB$48"")),FJ$1,0)"),"") | FK12: =IFERROR(__xludf.DUMMYFUNCTION("VLOOKUP($A$1,IMPORTRANGE($A$2, CONCATENATE($A12,""!$B$5:$JB$48"")),FK$1,0)"),"") | FL12: =IFERROR(__xludf.DUMMYFUNCTION("VLOOKUP($A$1,IMPORTRANGE($A$2, CONCATENATE($A12,""!$B$5:$JB$48"")),FL$1,0)"),"") | FM12: =IFERROR(__xludf.DUMMYFUNCTION("VLOOKUP($A$1,IMPORTRANGE($A$2, CONCATENATE($A12,""!$B$5:$JB$48"")),FM$1,0)"),"") | FN12: =IFERROR(__xludf.DUMMYFUNCTION("VLOOKUP($A$1,IMPORTRANGE($A$2, CONCATENATE($A12,""!$B$5:$JB$48"")),FN$1,0)"),"") | FO12: =IFERROR(__xludf.DUMMYFUNCTION("VLOOKUP($A$1,IMPORTRANGE($A$2, CONCATENATE($A12,""!$B$5:$JB$48"")),FO$1,0)"),"") | FP12: =IFERROR(__xludf.DUMMYFUNCTION("VLOOKUP($A$1,IMPORTRANGE($A$2, CONCATENATE($A12,""!$B$5:$JB$48"")),FP$1,0)"),"") | FQ12: =IFERROR(__xludf.DUMMYFUNCTION("VLOOKUP($A$1,IMPORTRANGE($A$2, CONCATENATE($A12,""!$B$5:$JB$48"")),FQ$1,0)"),"") | FR12: =IFERROR(__xludf.DUMMYFUNCTION("VLOOKUP($A$1,IMPORTRANGE($A$2, CONCATENATE($A12,""!$B$5:$JB$48"")),FR$1,0)"),"") | FS12: =IFERROR(__xludf.DUMMYFUNCTION("VLOOKUP($A$1,IMPORTRANGE($A$2, CONCATENATE($A12,""!$B$5:$JB$48"")),FS$1,0)"),"") | FT12: =IFERROR(__xludf.DUMMYFUNCTION("VLOOKUP($A$1,IMPORTRANGE($A$2, CONCATENATE($A12,""!$B$5:$JB$48"")),FT$1,0)"),"") | FU12: =IFERROR(__xludf.DUMMYFUNCTION("VLOOKUP($A$1,IMPORTRANGE($A$2, CONCATENATE($A12,""!$B$5:$JB$48"")),FU$1,0)"),"") | FV12: =IFERROR(__xludf.DUMMYFUNCTION("VLOOKUP($A$1,IMPORTRANGE($A$2, CONCATENATE($A12,""!$B$5:$JB$48"")),FV$1,0)"),"") | FW12: =IFERROR(__xludf.DUMMYFUNCTION("VLOOKUP($A$1,IMPORTRANGE($A$2, CONCATENATE($A12,""!$B$5:$JB$48"")),FW$1,0)"),"") | FX12: =IFERROR(__xludf.DUMMYFUNCTION("VLOOKUP($A$1,IMPORTRANGE($A$2, CONCATENATE($A12,""!$B$5:$JB$48"")),FX$1,0)"),"") | FY12: =IFERROR(__xludf.DUMMYFUNCTION("VLOOKUP($A$1,IMPORTRANGE($A$2, CONCATENATE($A12,""!$B$5:$JB$48"")),FY$1,0)"),"") | FZ12: =IFERROR(__xludf.DUMMYFUNCTION("VLOOKUP($A$1,IMPORTRANGE($A$2, CONCATENATE($A12,""!$B$5:$JB$48"")),FZ$1,0)"),"") | GA12: =IFERROR(__xludf.DUMMYFUNCTION("VLOOKUP($A$1,IMPORTRANGE($A$2, CONCATENATE($A12,""!$B$5:$JB$48"")),GA$1,0)"),"") | GB12: =IFERROR(__xludf.DUMMYFUNCTION("VLOOKUP($A$1,IMPORTRANGE($A$2, CONCATENATE($A12,""!$B$5:$JB$48"")),GB$1,0)"),"") | GC12: =IFERROR(__xludf.DUMMYFUNCTION("VLOOKUP($A$1,IMPORTRANGE($A$2, CONCATENATE($A12,""!$B$5:$JB$48"")),GC$1,0)"),"") | GD12: =IFERROR(__xludf.DUMMYFUNCTION("VLOOKUP($A$1,IMPORTRANGE($A$2, CONCATENATE($A12,""!$B$5:$JB$48"")),GD$1,0)"),"") | GE12: =IFERROR(__xludf.DUMMYFUNCTION("VLOOKUP($A$1,IMPORTRANGE($A$2, CONCATENATE($A12,""!$B$5:$JB$48"")),GE$1,0)"),"") | GF12: =IFERROR(__xludf.DUMMYFUNCTION("VLOOKUP($A$1,IMPORTRANGE($A$2, CONCATENATE($A12,""!$B$5:$JB$48"")),GF$1,0)"),"") | GG12: =IFERROR(__xludf.DUMMYFUNCTION("VLOOKUP($A$1,IMPORTRANGE($A$2, CONCATENATE($A12,""!$B$5:$JB$48"")),GG$1,0)"),"") | GH12: =IFERROR(__xludf.DUMMYFUNCTION("VLOOKUP($A$1,IMPORTRANGE($A$2, CONCATENATE($A12,""!$B$5:$JB$48"")),GH$1,0)"),"") | GI12: =IFERROR(__xludf.DUMMYFUNCTION("VLOOKUP($A$1,IMPORTRANGE($A$2, CONCATENATE($A12,""!$B$5:$JB$48"")),GI$1,0)"),"") | GJ12: =IFERROR(__xludf.DUMMYFUNCTION("VLOOKUP($A$1,IMPORTRANGE($A$2, CONCATENATE($A12,""!$B$5:$JB$48"")),GJ$1,0)"),"") | GK12: =IFERROR(__xludf.DUMMYFUNCTION("VLOOKUP($A$1,IMPORTRANGE($A$2, CONCATENATE($A12,""!$B$5:$JB$48"")),GK$1,0)"),"") | GL12: =IFERROR(__xludf.DUMMYFUNCTION("VLOOKUP($A$1,IMPORTRANGE($A$2, CONCATENATE($A12,""!$B$5:$JB$48"")),GL$1,0)"),"") | GM12: =IFERROR(__xludf.DUMMYFUNCTION("VLOOKUP($A$1,IMPORTRANGE($A$2, CONCATENATE($A12,""!$B$5:$JB$48"")),GM$1,0)"),"") | GN12: =IFERROR(__xludf.DUMMYFUNCTION("VLOOKUP($A$1,IMPORTRANGE($A$2, CONCATENATE($A12,""!$B$5:$JB$48"")),GN$1,0)"),"") | GO12: =IFERROR(__xludf.DUMMYFUNCTION("VLOOKUP($A$1,IMPORTRANGE($A$2, CONCATENATE($A12,""!$B$5:$JB$48"")),GO$1,0)"),"") | GP12: =IFERROR(__xludf.DUMMYFUNCTION("VLOOKUP($A$1,IMPORTRANGE($A$2, CONCATENATE($A12,""!$B$5:$JB$48"")),GP$1,0)"),"") | GQ12: =IFERROR(__xludf.DUMMYFUNCTION("VLOOKUP($A$1,IMPORTRANGE($A$2, CONCATENATE($A12,""!$B$5:$JB$48"")),GQ$1,0)"),"") | GR12: =IFERROR(__xludf.DUMMYFUNCTION("VLOOKUP($A$1,IMPORTRANGE($A$2, CONCATENATE($A12,""!$B$5:$JB$48"")),GR$1,0)"),"") | GS12: =IFERROR(__xludf.DUMMYFUNCTION("VLOOKUP($A$1,IMPORTRANGE($A$2, CONCATENATE($A12,""!$B$5:$JB$48"")),GS$1,0)"),"") | GT12: =IFERROR(__xludf.DUMMYFUNCTION("VLOOKUP($A$1,IMPORTRANGE($A$2, CONCATENATE($A12,""!$B$5:$JB$48"")),GT$1,0)"),"") | GU12: =IFERROR(__xludf.DUMMYFUNCTION("VLOOKUP($A$1,IMPORTRANGE($A$2, CONCATENATE($A12,""!$B$5:$JB$48"")),GU$1,0)"),"") | GV12: =IFERROR(__xludf.DUMMYFUNCTION("VLOOKUP($A$1,IMPORTRANGE($A$2, CONCATENATE($A12,""!$B$5:$JB$48"")),GV$1,0)"),"") | GW12: =IFERROR(__xludf.DUMMYFUNCTION("VLOOKUP($A$1,IMPORTRANGE($A$2, CONCATENATE($A12,""!$B$5:$JB$48"")),GW$1,0)"),"") | GX12: =IFERROR(__xludf.DUMMYFUNCTION("VLOOKUP($A$1,IMPORTRANGE($A$2, CONCATENATE($A12,""!$B$5:$JB$48"")),GX$1,0)"),"") | GY12: =IFERROR(__xludf.DUMMYFUNCTION("VLOOKUP($A$1,IMPORTRANGE($A$2, CONCATENATE($A12,""!$B$5:$JB$48"")),GY$1,0)"),"") | GZ12: =IFERROR(__xludf.DUMMYFUNCTION("VLOOKUP($A$1,IMPORTRANGE($A$2, CONCATENATE($A12,""!$B$5:$JB$48"")),GZ$1,0)"),"") | HA12: =IFERROR(__xludf.DUMMYFUNCTION("VLOOKUP($A$1,IMPORTRANGE($A$2, CONCATENATE($A12,""!$B$5:$JB$48"")),HA$1,0)"),"") | HB12: =IFERROR(__xludf.DUMMYFUNCTION("VLOOKUP($A$1,IMPORTRANGE($A$2, CONCATENATE($A12,""!$B$5:$JB$48"")),HB$1,0)"),"") | HC12: =IFERROR(__xludf.DUMMYFUNCTION("VLOOKUP($A$1,IMPORTRANGE($A$2, CONCATENATE($A12,""!$B$5:$JB$48"")),HC$1,0)"),"") | HD12: =IFERROR(__xludf.DUMMYFUNCTION("VLOOKUP($A$1,IMPORTRANGE($A$2, CONCATENATE($A12,""!$B$5:$JB$48"")),HD$1,0)"),"") | HE12: =IFERROR(__xludf.DUMMYFUNCTION("VLOOKUP($A$1,IMPORTRANGE($A$2, CONCATENATE($A12,""!$B$5:$JB$48"")),HE$1,0)"),"") | HF12: =IFERROR(__xludf.DUMMYFUNCTION("VLOOKUP($A$1,IMPORTRANGE($A$2, CONCATENATE($A12,""!$B$5:$JB$48"")),HF$1,0)"),"") | HG12: =IFERROR(__xludf.DUMMYFUNCTION("VLOOKUP($A$1,IMPORTRANGE($A$2, CONCATENATE($A12,""!$B$5:$JB$48"")),HG$1,0)"),"") | HH12: =IFERROR(__xludf.DUMMYFUNCTION("VLOOKUP($A$1,IMPORTRANGE($A$2, CONCATENATE($A12,""!$B$5:$JB$48"")),HH$1,0)"),"") | HI12: =IFERROR(__xludf.DUMMYFUNCTION("VLOOKUP($A$1,IMPORTRANGE($A$2, CONCATENATE($A12,""!$B$5:$JB$48"")),HI$1,0)"),"") | HJ12: =IFERROR(__xludf.DUMMYFUNCTION("VLOOKUP($A$1,IMPORTRANGE($A$2, CONCATENATE($A12,""!$B$5:$JB$48"")),HJ$1,0)"),"") | HK12: =IFERROR(__xludf.DUMMYFUNCTION("VLOOKUP($A$1,IMPORTRANGE($A$2, CONCATENATE($A12,""!$B$5:$JB$48"")),HK$1,0)"),"") | HL12: =IFERROR(__xludf.DUMMYFUNCTION("VLOOKUP($A$1,IMPORTRANGE($A$2, CONCATENATE($A12,""!$B$5:$JB$48"")),HL$1,0)"),"") | HM12: =IFERROR(__xludf.DUMMYFUNCTION("VLOOKUP($A$1,IMPORTRANGE($A$2, CONCATENATE($A12,""!$B$5:$JB$48"")),HM$1,0)"),"") | HN12: =IFERROR(__xludf.DUMMYFUNCTION("VLOOKUP($A$1,IMPORTRANGE($A$2, CONCATENATE($A12,""!$B$5:$JB$48"")),HN$1,0)"),"") | HO12: =IFERROR(__xludf.DUMMYFUNCTION("VLOOKUP($A$1,IMPORTRANGE($A$2, CONCATENATE($A12,""!$B$5:$JB$48"")),HO$1,0)"),"") | HP12: =IFERROR(__xludf.DUMMYFUNCTION("VLOOKUP($A$1,IMPORTRANGE($A$2, CONCATENATE($A12,""!$B$5:$JB$48"")),HP$1,0)"),"") | HQ12: =IFERROR(__xludf.DUMMYFUNCTION("VLOOKUP($A$1,IMPORTRANGE($A$2, CONCATENATE($A12,""!$B$5:$JB$48"")),HQ$1,0)"),"") | HR12: =IFERROR(__xludf.DUMMYFUNCTION("VLOOKUP($A$1,IMPORTRANGE($A$2, CONCATENATE($A12,""!$B$5:$JB$48"")),HR$1,0)"),"") | HS12: =IFERROR(__xludf.DUMMYFUNCTION("VLOOKUP($A$1,IMPORTRANGE($A$2, CONCATENATE($A12,""!$B$5:$JB$48"")),HS$1,0)"),"") | HT12: =IFERROR(__xludf.DUMMYFUNCTION("VLOOKUP($A$1,IMPORTRANGE($A$2, CONCATENATE($A12,""!$B$5:$JB$48"")),HT$1,0)"),45903.0) -> 45903 | HU12: =IFERROR(__xludf.DUMMYFUNCTION("VLOOKUP($A$1,IMPORTRANGE($A$2, CONCATENATE($A12,""!$B$5:$JB$48"")),HU$1,0)"),"Unit IB Present Simple") -> Unit IB Present Simple | HV12: =IFERROR(__xludf.DUMMYFUNCTION("VLOOKUP($A$1,IMPORTRANGE($A$2, CONCATENATE($A12,""!$B$5:$JB$48"")),HV$1,0)"),"Ex 1a,1b p86") -> Ex 1a,1b p86 | HW12: =IFERROR(__xludf.DUMMYFUNCTION("VLOOKUP($A$1,IMPORTRANGE($A$2, CONCATENATE($A12,""!$B$5:$JB$48"")),HW$1,0)"),"13.11.2025") -> 13.11.2025 | HX12: =IFERROR(__xludf.DUMMYFUNCTION("VLOOKUP($A$1,IMPORTRANGE($A$2, CONCATENATE($A12,""!$B$5:$JB$48"")),HX$1,0)"),"Recycle: A few, a little, not much/many, a lot of") -> Recycle: A few, a little, not much/many, a lot of | HY12: =IFERROR(__xludf.DUMMYFUNCTION("VLOOKUP($A$1,IMPORTRANGE($A$2, CONCATENATE($A12,""!$B$5:$JB$48"")),HY$1,0)"),"Ex 1 page 94") -> Ex 1 page 94 | HZ12: =IFERROR(__xludf.DUMMYFUNCTION("VLOOKUP($A$1,IMPORTRANGE($A$2, CONCATENATE($A12,""!$B$5:$JB$48"")),HZ$1,0)"),"16/01") -> 16/01 | IA12: =IFERROR(__xludf.DUMMYFUNCTION("VLOOKUP($A$1,IMPORTRANGE($A$2, CONCATENATE($A12,""!$B$5:$JB$48"")),IA$1,0)"),"Unit 6B Present Perfect") -> Unit 6B Present Perfect | IB12: =IFERROR(__xludf.DUMMYFUNCTION("VLOOKUP($A$1,IMPORTRANGE($A$2, CONCATENATE($A12,""!$B$5:$JB$48"")),IB$1,0)"),"Ex 1 page 100") -> Ex 1 page 100 | IC12: =IFERROR(__xludf.DUMMYFUNCTION("VLOOKUP($A$1,IMPORTRANGE($A$2, CONCATENATE($A12,""!$B$5:$JB$48"")),IC$1,0)"),"") | ID12: =IFERROR(__xludf.DUMMYFUNCTION("VLOOKUP($A$1,IMPORTRANGE($A$2, CONCATENATE($A12,""!$B$5:$JB$48"")),ID$1,0)"),"") | IE12: =IFERROR(__xludf.DUMMYFUNCTION("VLOOKUP($A$1,IMPORTRANGE($A$2, CONCATENATE($A12,""!$B$5:$JB$48"")),IE$1,0)"),"") | IF12: =IFERROR(__xludf.DUMMYFUNCTION("VLOOKUP($A$1,IMPORTRANGE($A$2, CONCATENATE($A12,""!$B$5:$JB$48"")),IF$1,0)"),"") | IG12: =IFERROR(__xludf.DUMMYFUNCTION("VLOOKUP($A$1,IMPORTRANGE($A$2, CONCATENATE($A12,""!$B$5:$JB$48"")),IG$1,0)"),"") | IH12: =IFERROR(__xludf.DUMMYFUNCTION("VLOOKUP($A$1,IMPORTRANGE($A$2, CONCATENATE($A12,""!$B$5:$JB$48"")),IH$1,0)"),"") | II12: =IFERROR(__xludf.DUMMYFUNCTION("VLOOKUP($A$1,IMPORTRANGE($A$2, CONCATENATE($A12,""!$B$5:$JB$48"")),II$1,0)"),"") | IJ12: =IFERROR(__xludf.DUMMYFUNCTION("VLOOKUP($A$1,IMPORTRANGE($A$2, CONCATENATE($A12,""!$B$5:$JB$48"")),IJ$1,0)"),"") | IK12: =IFERROR(__xludf.DUMMYFUNCTION("VLOOKUP($A$1,IMPORTRANGE($A$2, CONCATENATE($A12,""!$B$5:$JB$48"")),IK$1,0)"),"") | IL12: =IFERROR(__xludf.DUMMYFUNCTION("VLOOKUP($A$1,IMPORTRANGE($A$2, CONCATENATE($A12,""!$B$5:$JB$48"")),IL$1,0)"),"") | IM12: =IFERROR(__xludf.DUMMYFUNCTION("VLOOKUP($A$1,IMPORTRANGE($A$2, CONCATENATE($A12,""!$B$5:$JB$48"")),IM$1,0)"),"") | IN12: =IFERROR(__xludf.DUMMYFUNCTION("VLOOKUP($A$1,IMPORTRANGE($A$2, CONCATENATE($A12,""!$B$5:$JB$48"")),IN$1,0)"),"") | IO12: =IFERROR(__xludf.DUMMYFUNCTION("VLOOKUP($A$1,IMPORTRANGE($A$2, CONCATENATE($A12,""!$B$5:$JB$48"")),IO$1,0)"),"") | IP12: =IFERROR(__xludf.DUMMYFUNCTION("VLOOKUP($A$1,IMPORTRANGE($A$2, CONCATENATE($A12,""!$B$5:$JB$48"")),IP$1,0)"),"") | IQ12: =IFERROR(__xludf.DUMMYFUNCTION("VLOOKUP($A$1,IMPORTRANGE($A$2, CONCATENATE($A12,""!$B$5:$JB$48"")),IQ$1,0)"),"") | IR12: =IFERROR(__xludf.DUMMYFUNCTION("VLOOKUP($A$1,IMPORTRANGE($A$2, CONCATENATE($A12,""!$B$5:$JB$48"")),IR$1,0)"),"") | IS12: =IFERROR(__xludf.DUMMYFUNCTION("VLOOKUP($A$1,IMPORTRANGE($A$2, CONCATENATE($A12,""!$B$5:$JB$48"")),IS$1,0)"),"") | IT12: =IFERROR(__xludf.DUMMYFUNCTION("VLOOKUP($A$1,IMPORTRANGE($A$2, CONCATENATE($A12,""!$B$5:$JB$48"")),IT$1,0)"),"") | IU12: =IFERROR(__xludf.DUMMYFUNCTION("VLOOKUP($A$1,IMPORTRANGE($A$2, CONCATENATE($A12,""!$B$5:$JB$48"")),IU$1,0)"),"") | IV12: =IFERROR(__xludf.DUMMYFUNCTION("VLOOKUP($A$1,IMPORTRANGE($A$2, CONCATENATE($A12,""!$B$5:$JB$48"")),IV$1,0)"),"#REF!") -> #REF! | IW12: =IFERROR(__xludf.DUMMYFUNCTION("VLOOKUP($A$1,IMPORTRANGE($A$2, CONCATENATE($A12,""!$B$5:$JB$48"")),IW$1,0)"),"#REF!") -> #REF! | IX12: =IFERROR(__xludf.DUMMYFUNCTION("VLOOKUP($A$1,IMPORTRANGE($A$2, CONCATENATE($A12,""!$B$5:$JB$48"")),IX$1,0)"),"#REF!") -> #REF! | IY12: =IFERROR(__xludf.DUMMYFUNCTION("VLOOKUP($A$1,IMPORTRANGE($A$2, CONCATENATE($A12,""!$B$5:$JB$48"")),IY$1,0)"),"#REF!") -> #REF! | IZ12: =IFERROR(__xludf.DUMMYFUNCTION("VLOOKUP($A$1,IMPORTRANGE($A$2, CONCATENATE($A12,""!$B$5:$JB$48"")),IZ$1,0)"),"#REF!") -> #REF! | JA12: =IFERROR(__xludf.DUMMYFUNCTION("VLOOKUP($A$1,IMPORTRANGE($A$2, CONCATENATE($A12,""!$B$5:$JB$48"")),JA$1,0)"),"#REF!") -> #REF!
B14: =IFERROR(__xludf.DUMMYFUNCTION("IMPORTRANGE($A$2, CONCATENATE($A15,""!C4:JB4""))"),45902.0) -> 45902 | C14: =IFERROR(__xludf.DUMMYFUNCTION("""COMPUTED_VALUE"""),45908.0) -> 45908 | I14: =IFERROR(__xludf.DUMMYFUNCTION("""COMPUTED_VALUE"""),45909.0) -> 45909 | J14: =IFERROR(__xludf.DUMMYFUNCTION("""COMPUTED_VALUE"""),45915.0) -> 45915 | P14: =IFERROR(__xludf.DUMMYFUNCTION("""COMPUTED_VALUE"""),45916.0) -> 45916 | Q14: =IFERROR(__xludf.DUMMYFUNCTION("""COMPUTED_VALUE"""),45922.0) -> 45922 | W14: =IFERROR(__xludf.DUMMYFUNCTION("""COMPUTED_VALUE"""),45923.0) -> 45923 | X14: =IFERROR(__xludf.DUMMYFUNCTION("""COMPUTED_VALUE"""),45929.0) -> 45929 | AD14: =IFERROR(__xludf.DUMMYFUNCTION("""COMPUTED_VALUE"""),45930.0) -> 45930 | AE14: =IFERROR(__xludf.DUMMYFUNCTION("""COMPUTED_VALUE"""),45936.0) -> 45936 | AK14: =IFERROR(__xludf.DUMMYFUNCTION("""COMPUTED_VALUE"""),45937.0) -> 45937 | AL14: =IFERROR(__xludf.DUMMYFUNCTION("""COMPUTED_VALUE"""),13.1) -> 13.1 | AR14: =IFERROR(__xludf.DUMMYFUNCTION("""COMPUTED_VALUE"""),45943.0) -> 45943 | AS14: =IFERROR(__xludf.DUMMYFUNCTION("""COMPUTED_VALUE"""),45944.0) -> 45944 | AT14: =IFERROR(__xludf.DUMMYFUNCTION("""COMPUTED_VALUE"""),45950.0) -> 45950 | AY14: =IFERROR(__xludf.DUMMYFUNCTION("""COMPUTED_VALUE"""),45951.0) -> 45951 | AZ14: =IFERROR(__xludf.DUMMYFUNCTION("""COMPUTED_VALUE"""),45957.0) -> 45957 | BF14: =IFERROR(__xludf.DUMMYFUNCTION("""COMPUTED_VALUE"""),45958.0) -> 45958 | BM14: =IFERROR(__xludf.DUMMYFUNCTION("""COMPUTED_VALUE"""),"1 четверть") -> 1 четверть | BN14: =IFERROR(__xludf.DUMMYFUNCTION("""COMPUTED_VALUE"""),45971.0) -> 45971 | BO14: =IFERROR(__xludf.DUMMYFUNCTION("""COMPUTED_VALUE"""),45972.0) -> 45972 | BP14: =IFERROR(__xludf.DUMMYFUNCTION("""COMPUTED_VALUE"""),45978.0) -> 45978 | BQ14: =IFERROR(__xludf.DUMMYFUNCTION("""COMPUTED_VALUE"""),45979.0) -> 45979 | BR14: =IFERROR(__xludf.DUMMYFUNCTION("""COMPUTED_VALUE"""),45985.0) -> 45985 | BS14: =IFERROR(__xludf.DUMMYFUNCTION("""COMPUTED_VALUE"""),45986.0) -> 45986 | BT14: =IFERROR(__xludf.DUMMYFUNCTION("""COMPUTED_VALUE"""),45992.0) -> 45992 | BU14: =IFERROR(__xludf.DUMMYFUNCTION("""COMPUTED_VALUE"""),45993.0) -> 45993 | BV14: =IFERROR(__xludf.DUMMYFUNCTION("""COMPUTED_VALUE"""),46000.0) -> 46000 | BW14: =IFERROR(__xludf.DUMMYFUNCTION("""COMPUTED_VALUE"""),46006.0) -> 46006 | BX14: =IFERROR(__xludf.DUMMYFUNCTION("""COMPUTED_VALUE"""),46007.0) -> 46007 | BY14: =IFERROR(__xludf.DUMMYFUNCTION("""COMPUTED_VALUE"""),46013.0) -> 46013 | BZ14: =IFERROR(__xludf.DUMMYFUNCTION("""COMPUTED_VALUE"""),46014.0) -> 46014 | DQ14: =IFERROR(__xludf.DUMMYFUNCTION("""COMPUTED_VALUE"""),"2 четверть") -> 2 четверть | DR14: =IFERROR(__xludf.DUMMYFUNCTION("""COMPUTED_VALUE"""),46034.0) -> 46034 | DS14: =IFERROR(__xludf.DUMMYFUNCTION("""COMPUTED_VALUE"""),46035.0) -> 46035 | DT14: =IFERROR(__xludf.DUMMYFUNCTION("""COMPUTED_VALUE"""),46041.0) -> 46041 | DU14: =IFERROR(__xludf.DUMMYFUNCTION("""COMPUTED_VALUE"""),46042.0) -> 46042 | DV14: =IFERROR(__xludf.DUMMYFUNCTION("""COMPUTED_VALUE"""),46048.0) -> 46048 | DW14: =IFERROR(__xludf.DUMMYFUNCTION("""COMPUTED_VALUE"""),46049.0) -> 46049 | DX14: =IFERROR(__xludf.DUMMYFUNCTION("""COMPUTED_VALUE"""),46055.0) -> 46055 | DY14: =IFERROR(__xludf.DUMMYFUNCTION("""COMPUTED_VALUE"""),46056.0) -> 46056 | DZ14: =IFERROR(__xludf.DUMMYFUNCTION("""COMPUTED_VALUE"""),46062.0) -> 46062 | EA14: =IFERROR(__xludf.DUMMYFUNCTION("""COMPUTED_VALUE"""),46063.0) -> 46063 | EB14: =IFERROR(__xludf.DUMMYFUNCTION("""COMPUTED_VALUE"""),46069.0) -> 46069 | EC14: =IFERROR(__xludf.DUMMYFUNCTION("""COMPUTED_VALUE"""),46070.0) -> 46070 | ED14: =IFERROR(__xludf.DUMMYFUNCTION("""COMPUTED_VALUE"""),46076.0) -> 46076 | EE14: =IFERROR(__xludf.DUMMYFUNCTION("""COMPUTED_VALUE"""),46077.0) -> 46077 | EF14: =IFERROR(__xludf.DUMMYFUNCTION("""COMPUTED_VALUE"""),46083.0) -> 46083 | EG14: =IFERROR(__xludf.DUMMYFUNCTION("""COMPUTED_VALUE"""),46084.0) -> 46084 | EH14: =IFERROR(__xludf.DUMMYFUNCTION("""COMPUTED_VALUE"""),46091.0) -> 46091 | EI14: =IFERROR(__xludf.DUMMYFUNCTION("""COMPUTED_VALUE"""),46097.0) -> 46097 | EJ14: =IFERROR(__xludf.DUMMYFUNCTION("""COMPUTED_VALUE"""),46098.0) -> 46098 | EK14: =IFERROR(__xludf.DUMMYFUNCTION("""COMPUTED_VALUE"""),"3 четверть") -> 3 четверть | IV14: =IFERROR(__xludf.DUMMYFUNCTION("""COMPUTED_VALUE"""),"4 четверть") -> 4 четверть | IW14: =IFERROR(__xludf.DUMMYFUNCTION("""COMPUTED_VALUE"""),"год") -> год | IX14: =IFERROR(__xludf.DUMMYFUNCTION("""COMPUTED_VALUE"""),"рейтинг") -> рейтинг | JA14: =IFERROR(__xludf.DUMMYFUNCTION("""COMPUTED_VALUE"""),"Дата") -> Дата
